EmployeeID,Date,InTime,OutTime,Status
E0001,01/07/24,9.00 AM,18:30,Present
E0001,02-07-2024,09-10,6.00 PM,Present
E0001,2024/07/03,,,Absent
E0001,2024/07/04,10:00,18:15,Present
E0001,05-07-2024,,,Absent
E0001,08/07/24,09-10,18:15,Present
E0001,09-07-2024,,,Leave
E0001,10-07-2024,,,Leave
E0001,11-07-2024,09:15,6.00 PM,Present
E0001,12/07/24,,,Absent
E0001,15-07-2024,9.00 AM,18:15,Present
E0001,16/07/24,10:00,18:15,Present
E0001,17/07/24,10:00,18:15,Present
E0001,18-07-2024,09:30,18-10,Present
E0001,19-07-2024,09:15,6.00 PM,Present
E0001,22/07/24,9.00 AM,18-10,Present
E0001,23/07/24,,,Leave
E0001,2024/07/24,9.00 AM,18:00,WFH
E0001,25/07/24,9:00,6.00 PM,Present
E0001,26/07/24,09-10,18:15,Present
E0001,29-07-2024,09:15,18:15,Present
E0001,30-07-2024,09:30,18:30,WFH
E0001,2024/07/31,09:15,6.00 PM,Present
E0002,01/07/24,10:00,19:00,WFH
E0002,2024/07/02,9.00 AM,18:15,WFH
E0002,2024/07/03,09:15,18:00,Present
E0002,04/07/24,9:00,18:30,WFH
E0002,2024/07/05,,,Absent
E0002 ,08/07/24,,,Leave
E0002,2024/07/09,,,Absent
E0002,2024/07/10,,,Absent
E0002,11/07/24,9.00 AM,18-10,present
E0002,12-07-2024,,,Absent
E0002,15/07/24,09:30,6.00 PM,WFH
E0002,2024/07/16,9.00 AM,6.00 PM,Present
E0002,2024/07/17,9:00,6.00 PM,Present
E0002,18-07-2024,09:30,6.00 PM,Present
E0002,19-07-2024,09-10,19:00,Present
E0002,22/07/24,,,Leave
E0002,2024/07/23,10:00,18:00,Present
E0002,2024/07/24,09:30,18:30,Present
E0002,2024/07/25,,,Absent
E0002,26-07-2024,09-10,18:15,Present
E0002,29/07/24,09:30,18:00,WFH
E0002,30/07/24,09:15,6.00 PM,Present
E0002,31-07-2024,10:00,18:15,Present
E0003,01/07/24,10:00,18:00,WFH
E0003,02-07-2024,,,Leave
E0003,03-07-2024,09:15,18:00,Present
E0003,04-07-2024,,,Absent
E0003,2024/07/05,09:15,6.00 PM,Present
E0003,2024/07/08,9:00,19:00,Present
E0003,09/07/24,10:00,18:00,Present
E0003,10/07/24,09:15,18:30,Present
E0003,11/07/24,,,Leave
E0003,12-07-2024,9.00 AM,6.00 PM,WFH
E0003,15/07/24,,,Leave
E0003,16/07/24,9:00,6.00 PM,Present
E0003 ,17/07/24,09:15,18-10,WFH
E0003,18/07/24,,,Absent
E0003,19/07/24,10:00,18-10,Present
E0003,2024/07/22,,,Absent
E0003,23/07/24,,,Leave
E0003,24/07/24,09:30,18:15,Present
E0003,25/07/24,,,Leave
E0003,2024/07/26,,,Leave
E0003,29/07/24,,,Leave
E0003,30-07-2024,10:00,18:00,Present
E0003,31/07/24,09:30,6.00 PM,WFH
E0004,01-07-2024,9.00 AM,18:15,Present
E0004,2024/07/02,,,Leave
E0004,2024/07/03,9:00,18-10,Present
E0004,04-07-2024,09-10,18:30,WFH
E0004,05/07/24,09:15,6.00 PM,Present
E0004,08/07/24,,,Leave
E0004,2024/07/09,09-10,18:30,WFH
E0004,10-07-2024,9:00,18-10,Present
E0004,11/07/24,,,Leave
E0004,12-07-2024,09-10,19:00,Present
E0004,15-07-2024,10:00,18:00,WFH
E0004,16/07/24,09:15,19:00,Present
E0004,2024/07/17,,,Absent
E0004,18-07-2024,09:15,18-10,Present
E0004,19-07-2024,09:30,18:15,Present
E0004,22-07-2024,09:30,18:30,Present
E0004,2024/07/23,,,Leave
E0004,2024/07/24,,,Absent
E0004,2024/07/25,09:15,18:00,WFH
E0004,26-07-2024,,,Absent
E0004,29-07-2024,10:00,6.00 PM,WFH
E0004,30-07-2024,,,Absent
E0004,2024/07/31,09:15,19:00,Present
E0005,2024/07/01,9:00,6.00 PM,Present
E0005,2024/07/02,09:30,18:00,Present
E0005,2024/07/03,10:00,6.00 PM,Present
E0005,04-07-2024,,,Leave
E0005,2024/07/05,10:00,18:00,Present
E0005,08/07/24,,,Absent
E0005,09-07-2024,,,Absent
E0005,10-07-2024,,,Absent
E0005,11-07-2024,09:30,18-10,Present
E0005,12/07/24,9:00,18:15,WFH
E0005,15-07-2024,,,Absent
E0005,16-07-2024,09-10,18:30,Present
E0005 ,17/07/24,,,Absent
E0005,2024/07/18,9:00,18:30,WFH
E0005,2024/07/19,,,Leave
E0005 ,22-07-2024,,,Leave
E0005,23-07-2024,09:15,18:00,Present
E0005,24/07/24,,,Absent
E0005,25-07-2024,10:00,18-10,WFH
E0005,2024/07/26,9:00,18-10,WFH
E0005,29-07-2024,,,Absent
E0005,30/07/24,9.00 AM,6.00 PM,WFH
E0005,2024/07/31,9.00 AM,18:15,Present
E0006,01-07-2024,,,Leave
E0006,02-07-2024,9.00 AM,18:00,Present
E0006,2024/07/03,9.00 AM,19:00,Present
E0006,04-07-2024,,,Absent
E0006,05-07-2024,09:15,18:30,Present
E0006,2024/07/08,,,Leave
E0006,09-07-2024,09:15,18-10,Present
E0006,10-07-2024,9.00 AM,18:15,Present
E0006,11/07/24,9:00,18:30,Present
E0006,12-07-2024,9.00 AM,19:00,Present
E0006,15/07/24,09:30,18:00,WFH
E0006,16-07-2024,,,Leave
E0006,17/07/24,,,Absent
E0006,18-07-2024,09:30,6.00 PM,Present
E0006,19/07/24,,,Absent
E0006,22-07-2024,09:15,18-10,Present
E0006,23-07-2024,09:15,19:00,Present
E0006,24-07-2024,09:15,19:00,Present
E0006,2024/07/25,09:30,18:15,Present
E0006,26/07/24,10:00,19:00,Present
E0006,29/07/24,9:00,18:00,Present
E0006,30-07-2024,,,Absent
E0006,31/07/24,09:15,18:00,Present
E0007,01/07/24,09:30,18:00,WFH
E0007,2024/07/02,9:00,19:00,Present
E0007,03-07-2024,,,Absent
E0007,04-07-2024,09-10,18:00,Present
E0007,2024/07/05,9.00 AM,18-10,Present
E0007,2024/07/08,10:00,18-10,Present
E0007,09-07-2024,9:00,18:15,Present
E0007,10/07/24,09-10,18:15,Present
E0007,11/07/24,10:00,18:00,Present
E0007,12/07/24,9:00,18:30,Present
E0007,15/07/24,,,Leave
E0007,16/07/24,,,Leave
E0007,17-07-2024,09-10,18:30,WFH
E0007,18-07-2024,,,Leave
E0007,2024/07/19,9.00 AM,18:00,Present
E0007,2024/07/22,9.00 AM,18:30,Present
E0007,2024/07/23,09:30,6.00 PM,WFH
E0007,24/07/24,,,Leave
E0007,2024/07/25,09-10,18:00,WFH
E0007,2024/07/26,09-10,19:00,Present
E0007,29/07/24,09:30,18-10,Present
E0007,30/07/24,09-10,18-10,WFH
E0007,31-07-2024,09:30,6.00 PM,Present
E0008,01/07/24,9.00 AM,6.00 PM,WFH
E0008,2024/07/02,09:30,18:30,Present
E0008,03-07-2024,,,Absent
E0008,04/07/24,10:00,18:00,Present
E0008,2024/07/05,10:00,18:30,WFH
E0008,08-07-2024,,,Absent
E0008,2024/07/09,09-10,18:15,Present
E0008,10-07-2024,10:00,19:00,Present
E0008,11-07-2024,,,Leave
E0008,2024/07/12,,,Leave
E0008,15-07-2024,10:00,19:00,present
E0008,2024/07/16,9:00,18:30,Present
E0008,17-07-2024,,,Absent
E0008,18/07/24,,,Leave
E0008,19-07-2024,,,Absent
E0008,2024/07/22,,,Leave
E0008,23/07/24,,,Leave
E0008,24-07-2024,9:00,18:15,WFH
E0008,25-07-2024,9:00,18:15,Present
E0008,2024/07/26,,,Absent
E0008,29/07/24,09-10,18:00,WFH
E0008,2024/07/30,10:00,18-10,present
E0008,2024/07/31,,,Absent
E0009,01/07/24,9.00 AM,19:00,Present
E0009,2024/07/02,09:30,18-10,Present
E0009 ,03/07/24,10:00,18:15,Present
E0009,04-07-2024,09:15,18:30,Present
E0009,05/07/24,09-10,18:30,Present
E0009,2024/07/08,9.00 AM,6.00 PM,Present
E0009,09-07-2024,,,Leave
E0009,10/07/24,9.00 AM,6.00 PM,Present
E0009,2024/07/11,9.00 AM,18-10,Present
E0009,12/07/24,,,Leave
E0009,2024/07/15,09:30,18:15,Present
E0009,16-07-2024,10:00,18:00,Present
E0009,2024/07/17,,,Leave
E0009,18-07-2024,09-10,19:00,Present
E0009,19-07-2024,,,Absent
E0009,22/07/24,09-10,19:00,Present
E0009,23-07-2024,9.00 AM,18:15,Present
E0009,24-07-2024,09-10,6.00 PM,Present
E0009,25/07/24,,,Absent
E0009,26-07-2024,,,Leave
E0009,2024/07/29,09:15,18:30,Present
E0009,30/07/24,,,Leave
E0009,2024/07/31,,,Absent
E0010,01/07/24,10:00,19:00,Present
E0010,02-07-2024,,,Absent
E0010,03/07/24,,,Leave
E0010,04/07/24,9:00,18:15,Present
E0010,05/07/24,10:00,18:00,Present
E0010,08/07/24,09:15,18:30,Present
E0010,09-07-2024,09:30,18:00,Present
E0010,2024/07/10,09:15,18-10,Present
E0010,11-07-2024,,,Absent
E0010,12/07/24,9.00 AM,18:30,WFH
E0010,2024/07/15,,,Absent
E0010,16/07/24,,,Absent
E0010,17/07/24,10:00,18-10,Present
E0010,2024/07/18,09:15,18:15,WFH
E0010,19-07-2024,,,Leave
E0010,22-07-2024,09:15,18:00,Present
E0010,23/07/24,9.00 AM,18:30,WFH
E0010,24/07/24,,,Absent
E0010,25/07/24,10:00,18-10,Present
E0010,2024/07/26,10:00,18:15,Present
E0010,29-07-2024,09-10,18-10,Present
E0010,2024/07/30,09:30,18:30,Present
E0010,31-07-2024,9.00 AM,6.00 PM,WFH
E0011,01/07/24,09:30,18:15,Present
E0011,2024/07/02,09-10,18:15,Present
E0011,2024/07/03,,,Absent
E0011,04/07/24,,,Absent
E0011,05-07-2024,09:15,19:00,Present
E0011,2024/07/08,09-10,19:00,Present
E0011,09/07/24,,,Absent
E0011,10/07/24,,,Leave
E0011,11-07-2024,9:00,18:00,WFH
E0011,12/07/24,,,Absent
E0011,15/07/24,09-10,18-10,Present
E0011,2024/07/16,,,Absent
E0011,17/07/24,09-10,18:15,Present
E0011,18-07-2024,,,Absent
E0011,19-07-2024,09:15,18:15,Present
E0011,22-07-2024,09:30,19:00,Present
E0011,23-07-2024,09:15,18:30,WFH
E0011,24-07-2024,09:15,18:00,Present
E0011,2024/07/25,,,Absent
E0011,2024/07/26,09:30,18:00,Present
E0011,2024/07/29,,,Leave
E0011,30/07/24,,,Leave
E0011,31/07/24,,,Leave
E0012,01-07-2024,10:00,19:00,Present
E0012,02/07/24,9.00 AM,18:15,WFH
E0012,2024/07/03,,,Absent
E0012,04/07/24,9:00,18:30,Present
E0012,2024/07/05,10:00,18:15,Present
E0012,2024/07/08,09:15,18-10,Present
E0012,09/07/24,10:00,19:00,Present
E0012,10-07-2024,9:00,18:15,Present
E0012,11/07/24,09:30,6.00 PM,Present
E0012,12/07/24,,,Absent
E0012,15/07/24,09-10,18:30,Present
E0012,16/07/24,,,Leave
E0012,2024/07/17,,,Leave
E0012,18-07-2024,9:00,19:00,WFH
E0012,2024/07/19,09-10,18-10,WFH
E0012,22-07-2024,9:00,6.00 PM,Present
E0012,2024/07/23,09:15,19:00,Present
E0012,24-07-2024,9.00 AM,6.00 PM,Present
E0012,25-07-2024,9:00,6.00 PM,Present
E0012,26/07/24,09-10,18:30,WFH
E0012,2024/07/29,9:00,19:00,Present
E0012,2024/07/30,09:30,18:15,WFH
E0012,31-07-2024,,,Leave
E0013,01-07-2024,,,Leave
E0013,2024/07/02,10:00,19:00,Present
E0013,03-07-2024,9.00 AM,18-10,Present
E0013,04-07-2024,9.00 AM,18:00,Present
E0013,05-07-2024,,,Absent
E0013,2024/07/08,09-10,19:00,Present
E0013,2024/07/09,10:00,6.00 PM,Present
E0013,10/07/24,,,Absent
E0013,2024/07/11,09:30,18:15,WFH
E0013,2024/07/12,,,Leave
E0013,15/07/24,9.00 AM,18:30,WFH
E0013,16/07/24,10:00,18:30,WFH
E0013,17/07/24,,,Leave
E0013,18/07/24,9:00,18:30,Present
E0013,19-07-2024,,,Leave
E0013,22-07-2024,,,Absent
E0013,23/07/24,10:00,18-10,Present
E0013,24/07/24,10:00,19:00,Present
E0013,25/07/24,,,Absent
E0013,2024/07/26,09-10,6.00 PM,WFH
E0013,29/07/24,9.00 AM,18:30,Present
E0013,30-07-2024,09-10,18-10,Present
E0013,2024/07/31,09:30,19:00,Present
E0014,01-07-2024,9.00 AM,18-10,Present
E0014,02/07/24,,,Leave
E0014,03-07-2024,9.00 AM,18:15,Present
E0014,04-07-2024,09:30,18:30,Present
E0014,2024/07/05,10:00,18:15,Present
E0014,2024/07/08,,,Absent
E0014,09-07-2024,10:00,18:30,Present
E0014,2024/07/10,,,Absent
E0014,11-07-2024,10:00,18:30,Present
E0014,12-07-2024,9:00,6.00 PM,Present
E0014,2024/07/15,,,Absent
E0014,2024/07/16,9.00 AM,19:00,Present
E0014,17/07/24,09-10,6.00 PM,Present
E0014,18/07/24,09:30,6.00 PM,Present
E0014,19-07-2024,9.00 AM,18:00,Present
E0014,2024/07/22,,,Absent
E0014,2024/07/23,,,Leave
E0014,2024/07/24,,,Leave
E0014,25/07/24,9:00,18:15,Present
E0014,26-07-2024,09:15,18:15,Present
E0014,2024/07/29,09-10,19:00,Present
E0014,2024/07/30,9:00,18:15,Present
E0014,2024/07/31,10:00,18-10,Present
E0015,01/07/24,09:15,18:00,Present
E0015,2024/07/02,,,Absent
E0015,03-07-2024,,,Leave
E0015,2024/07/04,09:15,18:15,WFH
E0015,05/07/24,10:00,19:00,Present
E0015,08/07/24,9.00 AM,19:00,Present
E0015,2024/07/09,,,Absent
E0015,2024/07/10,9.00 AM,6.00 PM,WFH
E0015,11-07-2024,,,Absent
E0015,12/07/24,,,Leave
E0015,15/07/24,09:30,18:00,WFH
E0015,2024/07/16,09-10,18:00,Present
E0015,2024/07/17,,,Leave
E0015,18/07/24,,,Leave
E0015,19/07/24,9.00 AM,19:00,Present
E0015,22/07/24,10:00,6.00 PM,WFH
E0015,23/07/24,,,Leave
E0015,24-07-2024,,,Leave
E0015,25/07/24,09:15,18:30,Present
E0015,26-07-2024,9:00,18-10,Present
E0015,29/07/24,09:15,18-10,WFH
E0015,30-07-2024,9.00 AM,6.00 PM,Present
E0015,31/07/24,09:15,19:00,Present
E0016,01/07/24,10:00,18:15,Present
E0016,2024/07/02,9:00,6.00 PM,Present
E0016,2024/07/03,09:15,18:00,Present
E0016,04-07-2024,,,Absent
E0016,05/07/24,09:15,18:30,WFH
E0016,08-07-2024,10:00,6.00 PM,Present
E0016,2024/07/09,09:15,18:15,present
E0016,2024/07/10,9:00,18:15,Present
E0016,2024/07/11,09:15,18:15,Present
E0016,2024/07/12,09-10,6.00 PM,Present
E0016,15-07-2024,,,Leave
E0016,16/07/24,09:15,18-10,Present
E0016,2024/07/17,09:30,18:00,Present
E0016,2024/07/18,,,Absent
E0016,2024/07/19,9:00,18:00,WFH
E0016,22-07-2024,9:00,18:00,Present
E0016,23/07/24,09:15,19:00,Present
E0016,2024/07/24,,,Absent
E0016,2024/07/25,09:15,6.00 PM,Present
E0016,2024/07/26,,,Leave
E0016,2024/07/29,9:00,18:30,WFH
E0016,2024/07/30,10:00,18:30,Present
E0016,2024/07/31,,,Absent
E0017,01-07-2024,9:00,19:00,Present
E0017,2024/07/02,10:00,18:30,Present
E0017,03-07-2024,,,Absent
E0017,2024/07/04,10:00,19:00,Present
E0017,05/07/24,,,Absent
E0017,08-07-2024,,,Absent
E0017,2024/07/09,09:30,19:00,Present
E0017,2024/07/10,,,Leave
E0017,11/07/24,09:30,18-10,Present
E0017,2024/07/12,09:30,6.00 PM,Present
E0017,2024/07/15,10:00,18:00,Present
E0017,16/07/24,,,Absent
E0017,17-07-2024,09:30,19:00,Present
E0017,2024/07/18,,,Absent
E0017,2024/07/19,09:15,18:00,Present
E0017,2024/07/22,10:00,18-10,WFH
E0017,23/07/24,09-10,6.00 PM,Present
E0017,2024/07/24,10:00,18:30,Present
E0017,25-07-2024,9.00 AM,6.00 PM,WFH
E0017,26-07-2024,09:30,18:30,Present
E0017,2024/07/29,10:00,6.00 PM,Present
E0017,30-07-2024,09:15,18-10,Present
E0017,31/07/24,,,Leave
E0018,2024/07/01,,,Leave
E0018,2024/07/02,9:00,19:00,Present
E0018,03/07/24,,,Absent
E0018,2024/07/04,09:30,18:15,Present
E0018,05-07-2024,09-10,18:30,WFH
E0018,08-07-2024,9.00 AM,18:00,WFH
E0018,09/07/24,9.00 AM,18:15,Present
E0018 ,2024/07/10,09:15,6.00 PM,WFH
E0018,2024/07/11,09-10,18-10,WFH
E0018,12-07-2024,,,Absent
E0018,15/07/24,9.00 AM,19:00,Present
E0018,16/07/24,9:00,18:00,WFH
E0018,17/07/24,,,Leave
E0018,2024/07/18,10:00,18:15,Present
E0018,2024/07/19,10:00,18:00,Present
E0018,2024/07/22,9:00,18-10,WFH
E0018,23/07/24,09-10,19:00,Present
E0018,24/07/24,9.00 AM,19:00,Present
E0018,25-07-2024,10:00,18:30,Present
E0018,26-07-2024,,,Absent
E0018,2024/07/29,,,Absent
E0018,2024/07/30,9:00,18:30,Present
E0018,2024/07/31,,,Absent
E0019,01/07/24,,,Absent
E0019,02-07-2024,09-10,18-10,Present
E0019,2024/07/03,10:00,18:30,Present
E0019,04/07/24,09:30,18:00,Present
E0019,05/07/24,09:30,18:00,Present
E0019,08-07-2024,10:00,18:30,Present
E0019,09/07/24,09:30,6.00 PM,Present
E0019,2024/07/10,10:00,6.00 PM,Present
E0019,2024/07/11,09:15,18:15,Present
E0019,12-07-2024,09:15,18:00,Present
E0019,15/07/24,,,Leave
E0019,16-07-2024,09:30,18-10,WFH
E0019,17-07-2024,9.00 AM,19:00,WFH
E0019,18-07-2024,09:30,18:30,Present
E0019,19/07/24,09-10,18:00,Present
E0019,22/07/24,09:30,18:15,Present
E0019,23-07-2024,09:30,19:00,WFH
E0019,24-07-2024,10:00,18:15,WFH
E0019,25/07/24,09-10,19:00,Present
E0019,26-07-2024,09:15,18:00,Present
E0019,29-07-2024,09:30,18-10,Present
E0019,2024/07/30,09:30,18-10,Present
E0019,31/07/24,09:30,18:30,Present
E0020,2024/07/01,9:00,18:15,Present
E0020,02-07-2024,,,Absent
E0020,03/07/24,,,Absent
E0020,2024/07/04,,,Leave
E0020,2024/07/05,09:30,18:00,Present
E0020,2024/07/08,09:30,18:15,Present
E0020,09-07-2024,09:15,18:15,Present
E0020,2024/07/10,,,Leave
E0020,11/07/24,10:00,19:00,Present
E0020,12/07/24,10:00,6.00 PM,Present
E0020,15-07-2024,10:00,19:00,Present
E0020,2024/07/16,9.00 AM,19:00,Present
E0020,17/07/24,09-10,18:30,WFH
E0020,18/07/24,,,Leave
E0020,2024/07/19,9:00,18:00,Present
E0020,22-07-2024,10:00,18:15,Present
E0020,23/07/24,,,Absent
E0020,24/07/24,09:30,18-10,WFH
E0020,2024/07/25,,,Leave
E0020,2024/07/26,9.00 AM,18:15,Present
E0020,29-07-2024,10:00,18:00,Present
E0020,30/07/24,,,Absent
E0020,31-07-2024,,,Leave
E0021,2024/07/01,,,Absent
E0021,02-07-2024,9.00 AM,18:00,WFH
E0021,03/07/24,10:00,18:15,Present
E0021,2024/07/04,10:00,18:30,Present
E0021,05/07/24,9:00,18:30,WFH
E0021,2024/07/08,9.00 AM,18:00,Present
E0021,2024/07/09,9:00,18-10,Present
E0021,10-07-2024,09:15,18-10,Present
E0021,11-07-2024,10:00,19:00,WFH
E0021,12/07/24,9:00,18:30,Present
E0021,2024/07/15,09:15,18:00,WFH
E0021,2024/07/16,09-10,6.00 PM,WFH
E0021,17-07-2024,,,Leave
E0021,18/07/24,10:00,18:15,WFH
E0021,2024/07/19,9.00 AM,18:15,Present
E0021,22/07/24,9:00,19:00,Present
E0021,23/07/24,,,Absent
E0021,24-07-2024,09:30,6.00 PM,Present
E0021,25-07-2024,,,Leave
E0021,2024/07/26,10:00,18:00,Present
E0021,29-07-2024,9.00 AM,6.00 PM,Present
E0021,2024/07/30,9.00 AM,18-10,Present
E0021,2024/07/31,09:30,18-10,Present
E0022,01-07-2024,,,Leave
E0022,2024/07/02,,,Absent
E0022,2024/07/03,10:00,19:00,Present
E0022,2024/07/04,10:00,18-10,Present
E0022,2024/07/05,09-10,18:15,Present
E0022,2024/07/08,09:30,18-10,Present
E0022,2024/07/09,09:15,18-10,Present
E0022,10/07/24,9:00,18-10,Present
E0022,11-07-2024,9:00,18:15,Present
E0022,2024/07/12,9.00 AM,18:15,Present
E0022,15/07/24,,,Absent
E0022,16/07/24,,,Leave
E0022,2024/07/17,09:15,6.00 PM,Present
E0022,18/07/24,,,Absent
E0022,2024/07/19,9.00 AM,18:30,WFH
E0022,22/07/24,9:00,19:00,Present
E0022,2024/07/23,,,Leave
E0022,24/07/24,,,Leave
E0022,25-07-2024,09:30,6.00 PM,Present
E0022,2024/07/26,9.00 AM,19:00,Present
E0022,29/07/24,09:30,18:15,Present
E0022,30/07/24,,,Absent
E0022,31-07-2024,9.00 AM,18:15,Present
E0023,01/07/24,09:15,6.00 PM,WFH
E0023 ,02-07-2024,9:00,18:30,Present
E0023,03-07-2024,9:00,6.00 PM,Present
E0023,04/07/24,09-10,18:00,Present
E0023,05/07/24,09-10,18:15,WFH
E0023,2024/07/08,10:00,18:15,Present
E0023,2024/07/09,09:15,6.00 PM,WFH
E0023,10/07/24,9.00 AM,18:30,Present
E0023,11/07/24,9.00 AM,6.00 PM,Present
E0023,12-07-2024,9.00 AM,18:00,Present
E0023,15-07-2024,9:00,6.00 PM,WFH
E0023,16-07-2024,09:30,18:30,WFH
E0023,17-07-2024,,,Absent
E0023,18/07/24,10:00,19:00,Present
E0023,19-07-2024,09-10,6.00 PM,Present
E0023,22/07/24,09-10,18-10,Present
E0023,23/07/24,,,Leave
E0023,24/07/24,9:00,18:30,Present
E0023,25/07/24,9:00,18:00,WFH
E0023,26/07/24,10:00,6.00 PM,Present
E0023,29/07/24,09-10,18:15,Present
E0023,30-07-2024,,,Absent
E0023,31-07-2024,09-10,18:15,Present
E0024,01/07/24,09:15,6.00 PM,Present
E0024,02/07/24,9:00,18:15,Present
E0024,2024/07/03,9:00,18:30,WFH
E0024,04/07/24,09:15,6.00 PM,WFH
E0024,05-07-2024,,,Absent
E0024,2024/07/08,,,Absent
E0024,09/07/24,09:30,19:00,Present
E0024,10-07-2024,,,Leave
E0024,11-07-2024,10:00,18:00,Present
E0024,12/07/24,09-10,19:00,Present
E0024,2024/07/15,,,Leave
E0024,2024/07/16,,,Leave
E0024,17-07-2024,,,Absent
E0024,18/07/24,9.00 AM,18:30,Present
E0024,19-07-2024,,,Absent
E0024,2024/07/22,09:30,18:00,Present
E0024,2024/07/23,,,Leave
E0024,2024/07/24,,,Leave
E0024,25/07/24,,,Absent
E0024,2024/07/26,10:00,19:00,WFH
E0024,2024/07/29,,,Leave
E0024,30-07-2024,09-10,19:00,Present
E0024,31/07/24,,,present
E0025,01/07/24,09:30,19:00,Present
E0025,2024/07/02,09:30,18-10,Present
E0025,2024/07/03,9.00 AM,18:00,Present
E0025,04-07-2024,9.00 AM,18:00,Present
E0025,2024/07/05,,,Leave
E0025,2024/07/08,9:00,6.00 PM,Present
E0025,09/07/24,9.00 AM,6.00 PM,Present
E0025,2024/07/10,9:00,18:30,Present
E0025,11/07/24,09:30,18:00,Present
E0025,12/07/24,,,Leave
E0025,15/07/24,9:00,6.00 PM,Present
E0025,2024/07/16,09-10,19:00,Present
E0025,17/07/24,,,Absent
E0025,18/07/24,09-10,19:00,Present
E0025,19/07/24,,,Leave
E0025,22/07/24,9:00,6.00 PM,Present
E0025,2024/07/23,09:30,18:15,WFH
E0025,24/07/24,09:15,18:00,WFH
E0025,2024/07/25,09:15,18:30,Present
E0025,26-07-2024,,,Absent
E0025 ,2024/07/29,9.00 AM,18:30,Present
E0025,30-07-2024,09:15,6.00 PM,Present
E0025,31-07-2024,09-10,18-10,Present
E0026,2024/07/01,9.00 AM,18:00,WFH
E0026,02/07/24,10:00,19:00,Present
E0026,03-07-2024,09:15,6.00 PM,WFH
E0026,2024/07/04,,,Leave
E0026,2024/07/05,,,Absent
E0026,2024/07/08,,,Absent
E0026,09-07-2024,,,Absent
E0026,10/07/24,10:00,18:30,Present
E0026,11-07-2024,,,Leave
E0026,12/07/24,,,Absent
E0026,2024/07/15,9.00 AM,19:00,WFH
E0026,2024/07/16,09:15,18:15,Present
E0026,2024/07/17,09:30,18:00,Present
E0026 ,2024/07/18,,,Absent
E0026,19-07-2024,9.00 AM,19:00,Present
E0026,22-07-2024,,,Absent
E0026,2024/07/23,09:30,18:15,WFH
E0026,24-07-2024,09:15,18:00,Present
E0026,25-07-2024,,,Leave
E0026,26/07/24,,,Leave
E0026,29/07/24,9.00 AM,19:00,WFH
E0026,30/07/24,09-10,18-10,Present
E0026,31/07/24,09:15,18-10,Present
E0027,01-07-2024,9.00 AM,19:00,Present
E0027,2024/07/02,9:00,18:00,present
E0027,2024/07/03,9:00,18-10,WFH
E0027,2024/07/04,09:30,18:00,Present
E0027,05/07/24,,,Absent
E0027,2024/07/08,9:00,18-10,Present
E0027,2024/07/09,,,Leave
E0027,10/07/24,,,Leave
E0027,11/07/24,,,Absent
E0027,2024/07/12,09:15,18:15,Present
E0027,15/07/24,09:30,19:00,Present
E0027,2024/07/16,09:15,18-10,WFH
E0027,17/07/24,10:00,18:15,Present
E0027,2024/07/18,09:30,18:00,Present
E0027,19-07-2024,9.00 AM,19:00,WFH
E0027,22-07-2024,,,Leave
E0027,23/07/24,09-10,18-10,Present
E0027,24-07-2024,9.00 AM,6.00 PM,Present
E0027,25-07-2024,09:30,18:30,Present
E0027,2024/07/26,09:15,19:00,WFH
E0027,29-07-2024,09:15,6.00 PM,Present
E0027,30/07/24,,,Leave
E0027,2024/07/31,,,Leave
E0028,01/07/24,,,Leave
E0028,02/07/24,09-10,18-10,present
E0028,03/07/24,09:15,18:00,WFH
E0028,2024/07/04,10:00,18:00,Present
E0028,2024/07/05,10:00,18:30,Present
E0028,2024/07/08,,,Leave
E0028,09-07-2024,09-10,18:15,Present
E0028,10-07-2024,10:00,18:15,Present
E0028,11-07-2024,9:00,18:30,Present
E0028,12/07/24,,,Absent
E0028,15-07-2024,09-10,18:00,Present
E0028,16-07-2024,9:00,18:00,Present
E0028,2024/07/17,,,Leave
E0028,18/07/24,9.00 AM,18:00,WFH
E0028,19/07/24,9:00,19:00,WFH
E0028,22/07/24,09:15,18-10,Present
E0028,23-07-2024,,,Absent
E0028,24-07-2024,09:15,18:15,Present
E0028,2024/07/25,,,Absent
E0028 ,26/07/24,9:00,6.00 PM,Present
E0028,29/07/24,,,Leave
E0028,30/07/24,09:30,18:15,Present
E0028,31/07/24,09-10,19:00,Present
E0029,01-07-2024,,,Absent
E0029,02/07/24,,,Absent
E0029,03-07-2024,09:15,18:15,Present
E0029,04-07-2024,10:00,19:00,Present
E0029,2024/07/05,10:00,18-10,WFH
E0029,08/07/24,09-10,18:30,WFH
E0029,2024/07/09,10:00,19:00,Present
E0029,2024/07/10,9.00 AM,18:30,Present
E0029,2024/07/11,09:15,19:00,Present
E0029,2024/07/12,9.00 AM,18:30,Present
E0029,15/07/24,,,Absent
E0029,2024/07/16,09:30,18:30,Present
E0029,17-07-2024,09:15,18:15,Present
E0029,18/07/24,10:00,18:15,Present
E0029,19/07/24,09-10,6.00 PM,Present
E0029,22-07-2024,,,Absent
E0029,23/07/24,,,Leave
E0029,2024/07/24,10:00,18-10,Present
E0029,25/07/24,09:15,18:30,Present
E0029,26/07/24,09:15,19:00,Present
E0029,2024/07/29,10:00,18:00,Present
E0029,30-07-2024,9:00,18:00,Present
E0029,2024/07/31,9:00,19:00,WFH
E0030,01-07-2024,09:15,18:00,WFH
E0030,02-07-2024,9.00 AM,18:15,WFH
E0030,03/07/24,10:00,18:30,Present
E0030,04/07/24,,,Leave
E0030,2024/07/05,9.00 AM,18:00,Present
E0030,08/07/24,09-10,18:15,Present
E0030,09-07-2024,09:15,19:00,WFH
E0030,2024/07/10,,,Leave
E0030,11-07-2024,09:30,19:00,Present
E0030,12-07-2024,09:30,18-10,Present
E0030,15-07-2024,10:00,18:15,Present
E0030,16-07-2024,09:15,18:15,WFH
E0030,17-07-2024,9.00 AM,19:00,Present
E0030,18-07-2024,09:15,18-10,Present
E0030,2024/07/19,09-10,18:00,Present
E0030,22-07-2024,09-10,18-10,Present
E0030,23-07-2024,,,Leave
E0030,24/07/24,9:00,18:30,Present
E0030,2024/07/25,9:00,18:15,Present
E0030,26-07-2024,09:30,18:30,Present
E0030,2024/07/29,09:15,6.00 PM,WFH
E0030,30-07-2024,9:00,6.00 PM,Present
E0030,31-07-2024,9:00,18:00,Present
E0031,01-07-2024,9:00,18:30,Present
E0031,02-07-2024,09:15,6.00 PM,Present
E0031,03-07-2024,,,Leave
E0031,04-07-2024,,,Absent
E0031,05/07/24,09-10,19:00,Present
E0031,08-07-2024,9.00 AM,18:15,Present
E0031,2024/07/09,09-10,19:00,Present
E0031,2024/07/10,,,Absent
E0031,11-07-2024,9.00 AM,19:00,Present
E0031,2024/07/12,,,Leave
E0031,2024/07/15,09-10,18:00,WFH
E0031,2024/07/16,9.00 AM,18:15,Present
E0031,17-07-2024,09:30,18:30,Present
E0031,18-07-2024,09:15,18:30,Present
E0031,2024/07/19,09-10,18:30,Present
E0031,2024/07/22,09:15,19:00,Present
E0031,23-07-2024,9.00 AM,18:00,WFH
E0031,24/07/24,09:30,18-10,Present
E0031,25/07/24,,,Leave
E0031,2024/07/26,,,Leave
E0031,2024/07/29,10:00,18:00,WFH
E0031,30-07-2024,,,Leave
E0031,2024/07/31,09:15,18:00,Present
E0032,01-07-2024,,,Leave
E0032,02/07/24,10:00,19:00,Present
E0032,03/07/24,09:30,18:00,Present
E0032,04/07/24,09:15,18-10,Present
E0032,2024/07/05,10:00,19:00,Present
E0032,08/07/24,,,Leave
E0032,09/07/24,,,Leave
E0032,10/07/24,,,Leave
E0032,11-07-2024,10:00,18-10,Present
E0032,12-07-2024,09:15,18:00,Present
E0032,15-07-2024,09:30,19:00,WFH
E0032,16/07/24,,,Leave
E0032,2024/07/17,09:30,18-10,Present
E0032,18/07/24,10:00,18:30,Present
E0032,19/07/24,10:00,18:30,Present
E0032,22/07/24,9:00,18:30,WFH
E0032,23-07-2024,09:15,18:30,WFH
E0032,24-07-2024,10:00,18-10,WFH
E0032,2024/07/25,,,Absent
E0032,26/07/24,9.00 AM,6.00 PM,Present
E0032,29/07/24,,,Leave
E0032,30-07-2024,09:30,6.00 PM,Present
E0032,31-07-2024,09:30,19:00,Present
E0033,01/07/24,,,Absent
E0033,02-07-2024,,,Leave
E0033,03/07/24,9.00 AM,18:00,Present
E0033,04/07/24,,,Leave
E0033,05-07-2024,9:00,18-10,Present
E0033,08-07-2024,09:15,18-10,Present
E0033,2024/07/09,,,Absent
E0033,2024/07/10,9:00,18:30,Present
E0033,2024/07/11,09:15,18:30,WFH
E0033,12/07/24,,,Absent
E0033,15/07/24,,,Absent
E0033,16/07/24,9.00 AM,18:30,Present
E0033,2024/07/17,,,Leave
E0033,18/07/24,,,Leave
E0033,19/07/24,9:00,18:15,WFH
E0033,22/07/24,09:15,6.00 PM,Present
E0033,23/07/24,,,Leave
E0033,24/07/24,09:15,18:30,Present
E0033,25/07/24,,,Absent
E0033,26/07/24,09:30,19:00,Present
E0033,29-07-2024,,,Leave
E0033,30-07-2024,,,Absent
E0033,31/07/24,09:30,18:00,WFH
E0034,2024/07/01,,,Leave
E0034,02/07/24,,,Absent
E0034,03/07/24,09:15,6.00 PM,Present
E0034,04-07-2024,9:00,19:00,Present
E0034,05/07/24,,,Absent
E0034,2024/07/08,9:00,19:00,WFH
E0034,2024/07/09,,,Leave
E0034,10-07-2024,,,Absent
E0034,11-07-2024,09-10,18:30,Present
E0034,12-07-2024,09:30,19:00,Present
E0034,2024/07/15,09-10,19:00,Present
E0034,16/07/24,10:00,6.00 PM,Present
E0034,2024/07/17,10:00,18:00,WFH
E0034,18/07/24,9.00 AM,18:15,Present
E0034,2024/07/19,09:15,18:15,Present
E0034,2024/07/22,,,Leave
E0034,23/07/24,10:00,6.00 PM,WFH
E0034,24-07-2024,10:00,18:30,Present
E0034,2024/07/25,09:30,18:30,Present
E0034,26-07-2024,09:15,18:15,Present
E0034,2024/07/29,10:00,18:15,Present
E0034,2024/07/30,09:30,6.00 PM,Present
E0034,31/07/24,9.00 AM,18:15,WFH
E0035,01/07/24,09:30,19:00,Present
E0035,02/07/24,,,Leave
E0035,03/07/24,09-10,18:15,Present
E0035,04/07/24,10:00,6.00 PM,Present
E0035,05-07-2024,09:15,18:00,Present
E0035,08-07-2024,,,Leave
E0035,2024/07/09,9:00,6.00 PM,Present
E0035,10/07/24,,,Absent
E0035,11-07-2024,,,Leave
E0035,12-07-2024,9:00,18:30,Present
E0035,15/07/24,9.00 AM,18:00,WFH
E0035,16/07/24,09-10,18:15,Present
E0035,17/07/24,09:15,18-10,Present
E0035,18-07-2024,9.00 AM,18:15,WFH
E0035,19-07-2024,09:15,19:00,Present
E0035,2024/07/22,9.00 AM,6.00 PM,Present
E0035,2024/07/23,10:00,18-10,Present
E0035,2024/07/24,,,Leave
E0035,25/07/24,9.00 AM,6.00 PM,Present
E0035,2024/07/26,9:00,18:15,present
E0035,2024/07/29,9.00 AM,6.00 PM,WFH
E0035,30/07/24,09-10,6.00 PM,WFH
E0035,31/07/24,09:15,19:00,Present
E0036,01-07-2024,9:00,6.00 PM,Present
E0036,2024/07/02,,,Absent
E0036,03-07-2024,09-10,6.00 PM,Present
E0036,04/07/24,09:15,18-10,WFH
E0036,05-07-2024,,,Absent
E0036,08/07/24,9.00 AM,18:00,Present
E0036,09-07-2024,,,Leave
E0036,2024/07/10,10:00,18:15,Present
E0036,11/07/24,,,Leave
E0036,2024/07/12,10:00,18:00,WFH
E0036,2024/07/15,09-10,19:00,WFH
E0036,2024/07/16,09:15,18:30,Present
E0036,17-07-2024,09:15,18:00,Present
E0036,18-07-2024,9.00 AM,18:15,Present
E0036,2024/07/19,09:15,18-10,Present
E0036,22-07-2024,,,Leave
E0036 ,23/07/24,,,Absent
E0036,2024/07/24,,,Leave
E0036,25-07-2024,,,Leave
E0036,26-07-2024,10:00,18:15,Present
E0036,29-07-2024,9.00 AM,19:00,Present
E0036,30/07/24,,,Leave
E0036,2024/07/31,,,Leave
E0037,01/07/24,10:00,18:00,Present
E0037,2024/07/02,09:15,18:00,WFH
E0037,2024/07/03,,,Absent
E0037,04-07-2024,09:15,18:00,Present
E0037,05/07/24,09:30,18:00,Present
E0037,08-07-2024,9.00 AM,19:00,Present
E0037,09-07-2024,9.00 AM,18:00,WFH
E0037,10/07/24,9.00 AM,18-10,Present
E0037,11-07-2024,09:15,18-10,Present
E0037,2024/07/12,09:30,6.00 PM,Present
E0037,2024/07/15,,,Leave
E0037,2024/07/16,,,Absent
E0037,2024/07/17,09:15,18:15,Present
E0037,2024/07/18,09-10,6.00 PM,Present
E0037,19/07/24,9.00 AM,19:00,WFH
E0037,22-07-2024,,,Leave
E0037,23-07-2024,10:00,18:15,Present
E0037,24/07/24,09-10,18:00,Present
E0037,25-07-2024,09-10,18-10,Present
E0037,26/07/24,09-10,18:30,WFH
E0037,29-07-2024,09:15,19:00,Present
E0037,2024/07/30,9:00,18:00,WFH
E0037,31-07-2024,,,Absent
E0038,01/07/24,9.00 AM,18:15,Present
E0038,2024/07/02,,,Leave
E0038,2024/07/03,10:00,18:15,Present
E0038,04/07/24,,,Leave
E0038,2024/07/05,10:00,18:30,Present
E0038,2024/07/08,09:30,18:30,Present
E0038,2024/07/09,,,Leave
E0038,2024/07/10,09:30,6.00 PM,WFH
E0038,11-07-2024,09-10,18:00,Present
E0038,12-07-2024,9:00,18:00,WFH
E0038,2024/07/15,09-10,18-10,Present
E0038,16-07-2024,,,Absent
E0038,2024/07/17,,,Absent
E0038,2024/07/18,,,Absent
E0038,19-07-2024,10:00,18:00,Present
E0038,22-07-2024,,,Absent
E0038,2024/07/23,09-10,18-10,Present
E0038,2024/07/24,9.00 AM,6.00 PM,Present
E0038,2024/07/25,09:30,18-10,Present
E0038,26-07-2024,,,Absent
E0038,29/07/24,,,Absent
E0038,2024/07/30,09:30,6.00 PM,Present
E0038,31-07-2024,,,Absent
E0039,01/07/24,,,Leave
E0039,02/07/24,9.00 AM,6.00 PM,Present
E0039,03-07-2024,09:15,18-10,Present
E0039 ,2024/07/04,09:15,18-10,Present
E0039,2024/07/05,,,Leave
E0039,08/07/24,09:15,18:15,Present
E0039,09-07-2024,9.00 AM,18-10,WFH
E0039,10/07/24,09:15,18:00,Present
E0039,11-07-2024,,,Leave
E0039,2024/07/12,09-10,6.00 PM,Present
E0039,2024/07/15,9:00,18:00,WFH
E0039,16-07-2024,,,Absent
E0039,17/07/24,09-10,18:30,Present
E0039,18/07/24,10:00,18-10,Present
E0039,19/07/24,09:30,6.00 PM,Present
E0039,22/07/24,,,Absent
E0039,23-07-2024,,,Leave
E0039,24/07/24,,,Absent
E0039,25/07/24,,,Absent
E0039,26/07/24,,,present
E0039,2024/07/29,9:00,18-10,Present
E0039,30-07-2024,09:30,18:30,Present
E0039,2024/07/31,09-10,18:30,Present
E0040,2024/07/01,09:15,18-10,Present
E0040,02-07-2024,09:30,18-10,Present
E0040,2024/07/03,09:30,18:30,WFH
E0040,04-07-2024,9.00 AM,18:30,WFH
E0040,2024/07/05,09:15,18:30,Present
E0040,08/07/24,09:15,18-10,WFH
E0040,2024/07/09,09-10,18:00,Present
E0040,2024/07/10,09-10,18:30,Present
E0040,11/07/24,09-10,18:00,Present
E0040,12-07-2024,09-10,18-10,WFH
E0040,15-07-2024,09-10,18-10,Present
E0040,16-07-2024,9.00 AM,18-10,Present
E0040,17-07-2024,9:00,18:30,Present
E0040,18/07/24,9:00,19:00,Present
E0040,2024/07/19,9.00 AM,18:30,Present
E0040,22/07/24,,,Leave
E0040,23/07/24,10:00,18:30,Present
E0040,24-07-2024,,,Absent
E0040,25/07/24,9.00 AM,19:00,Present
E0040,26/07/24,,,Absent
E0040,29/07/24,09-10,18:30,WFH
E0040,2024/07/30,,,Leave
E0040,31/07/24,09-10,18-10,WFH
E0041,2024/07/01,09:15,6.00 PM,Present
E0041,2024/07/02,9:00,18:15,WFH
E0041,2024/07/03,,,Absent
E0041,04/07/24,9.00 AM,18:15,Present
E0041,05/07/24,09:15,18-10,WFH
E0041,08-07-2024,9:00,6.00 PM,Present
E0041,09-07-2024,,,Absent
E0041,10-07-2024,,,Leave
E0041,11/07/24,,,Leave
E0041,12/07/24,09-10,18-10,Present
E0041,15-07-2024,09-10,19:00,Present
E0041,2024/07/16,,,Absent
E0041,17-07-2024,09-10,18-10,WFH
E0041,18/07/24,,,Leave
E0041,2024/07/19,,,Leave
E0041,22-07-2024,09:15,19:00,Present
E0041,23-07-2024,,,Leave
E0041,24-07-2024,,,Absent
E0041,25-07-2024,09:15,18:15,Present
E0041,26-07-2024,9.00 AM,18:15,Present
E0041,29-07-2024,10:00,18:00,Present
E0041,30-07-2024,9.00 AM,18:15,Present
E0041,31-07-2024,10:00,18:00,Present
E0042,01/07/24,09-10,18:00,Present
E0042,2024/07/02,9.00 AM,6.00 PM,Present
E0042,2024/07/03,09:15,18:00,WFH
E0042,04-07-2024,10:00,18-10,Present
E0042 ,05-07-2024,09:15,6.00 PM,Present
E0042,08/07/24,09:30,18:30,Present
E0042,09/07/24,9:00,18:30,Present
E0042,2024/07/10,,,Leave
E0042,2024/07/11,09-10,18-10,Present
E0042,2024/07/12,9:00,6.00 PM,Present
E0042,15-07-2024,9.00 AM,18:30,Present
E0042,2024/07/16,,,Absent
E0042,17-07-2024,,,Leave
E0042,18/07/24,10:00,18:30,Present
E0042,2024/07/19,,,present
E0042,2024/07/22,09:15,18:00,Present
E0042,23-07-2024,09-10,6.00 PM,WFH
E0042,24-07-2024,10:00,6.00 PM,Present
E0042,2024/07/25,10:00,18:30,Present
E0042,26-07-2024,,,Leave
E0042,2024/07/29,9:00,18:15,Present
E0042,2024/07/30,9:00,6.00 PM,Present
E0042,2024/07/31,,,present
E0043,01/07/24,,,Absent
E0043,2024/07/02,9:00,18-10,Present
E0043,03-07-2024,09:30,18-10,Present
E0043,04-07-2024,09:30,19:00,WFH
E0043,2024/07/05,,,Absent
E0043,08/07/24,,,Leave
E0043,09/07/24,09-10,18:30,Present
E0043,2024/07/10,10:00,18:15,Present
E0043,2024/07/11,09:30,18:30,Present
E0043,12/07/24,9:00,18:30,Present
E0043,15/07/24,,,Absent
E0043,16-07-2024,10:00,19:00,Present
E0043,17/07/24,09-10,6.00 PM,WFH
E0043,18-07-2024,09-10,19:00,Present
E0043,19-07-2024,09-10,18:30,Present
E0043,22-07-2024,,,Leave
E0043,23-07-2024,,,Absent
E0043,24-07-2024,9.00 AM,18-10,Present
E0043,2024/07/25,,,Absent
E0043,2024/07/26,,,Leave
E0043,2024/07/29,09:30,18:00,Present
E0043,30-07-2024,,,Absent
E0043,31-07-2024,,,Leave
E0044,01/07/24,09:15,18:00,Present
E0044,02-07-2024,9:00,6.00 PM,Present
E0044,03/07/24,9.00 AM,18-10,Present
E0044,2024/07/04,10:00,18-10,Present
E0044,05/07/24,10:00,18:30,Present
E0044,08-07-2024,09-10,18:30,Present
E0044,09/07/24,,,Absent
E0044,2024/07/10,10:00,18:15,Present
E0044,11/07/24,,,Absent
E0044,12/07/24,9:00,18-10,Present
E0044,15-07-2024,10:00,18:00,present
E0044,2024/07/16,,,Leave
E0044 ,2024/07/17,,,Leave
E0044,18-07-2024,,,Leave
E0044,19/07/24,9.00 AM,18:15,Present
E0044,22-07-2024,9:00,18:15,WFH
E0044,23/07/24,,,Absent
E0044,24-07-2024,,,Absent
E0044,25/07/24,09-10,18:30,Present
E0044,26/07/24,09:30,18-10,WFH
E0044,29/07/24,,,Leave
E0044,2024/07/30,09:30,19:00,Present
E0044,31-07-2024,09:15,6.00 PM,Present
E0045,01/07/24,09:30,19:00,Present
E0045,2024/07/02,9.00 AM,19:00,Present
E0045,03-07-2024,09-10,18:15,Present
E0045,2024/07/04,,,Leave
E0045,05-07-2024,9.00 AM,18-10,Present
E0045,2024/07/08,,,Leave
E0045,09/07/24,09:15,19:00,Present
E0045,2024/07/10,10:00,6.00 PM,Present
E0045,11/07/24,09:15,19:00,Present
E0045,12/07/24,09:30,19:00,Present
E0045,15-07-2024,,,Leave
E0045,16-07-2024,09:15,18:30,WFH
E0045,17/07/24,9.00 AM,18-10,Present
E0045,2024/07/18,9:00,18:00,Present
E0045,2024/07/19,09:15,18:30,WFH
E0045,22/07/24,10:00,18-10,Present
E0045,23-07-2024,9:00,18:30,Present
E0045,24-07-2024,,,Absent
E0045,2024/07/25,,,Leave
E0045,2024/07/26,09:30,18:00,Present
E0045,2024/07/29,,,Leave
E0045,30-07-2024,09:30,18:15,WFH
E0045,31/07/24,10:00,18:30,WFH
E0046,2024/07/01,9:00,19:00,Present
E0046,02-07-2024,09:30,18-10,Present
E0046,2024/07/03,,,Leave
E0046,04-07-2024,09:30,18:00,Present
E0046,2024/07/05,9:00,18-10,present
E0046,2024/07/08,,,Absent
E0046,09/07/24,,,Leave
E0046,2024/07/10,10:00,18:30,WFH
E0046,2024/07/11,,,Absent
E0046 ,2024/07/12,09-10,18-10,WFH
E0046,15-07-2024,,,Absent
E0046,16-07-2024,9.00 AM,6.00 PM,WFH
E0046,17-07-2024,,,Leave
E0046,2024/07/18,09:30,18-10,Present
E0046,19-07-2024,9.00 AM,18:00,WFH
E0046,22-07-2024,,,Absent
E0046,2024/07/23,10:00,19:00,Present
E0046,24-07-2024,,,Absent
E0046,25/07/24,,,Leave
E0046,26/07/24,09:30,6.00 PM,Present
E0046,29/07/24,9.00 AM,18-10,WFH
E0046,30/07/24,09:30,18:00,Present
E0046,2024/07/31,,,Absent
E0047,2024/07/01,09-10,18:15,WFH
E0047,02-07-2024,09:15,19:00,Present
E0047,03/07/24,9.00 AM,6.00 PM,Present
E0047,04-07-2024,10:00,19:00,Present
E0047,05/07/24,,,Leave
E0047,08-07-2024,,,Absent
E0047,09/07/24,,,Absent
E0047,2024/07/10,09:30,18-10,Present
E0047,11-07-2024,,,Absent
E0047,12/07/24,9.00 AM,18:00,Present
E0047,15/07/24,,,present
E0047,2024/07/16,9.00 AM,6.00 PM,WFH
E0047,17-07-2024,9.00 AM,18:15,WFH
E0047,18-07-2024,,,Leave
E0047,19-07-2024,09:30,18:00,Present
E0047,22-07-2024,9.00 AM,18-10,Present
E0047,2024/07/23,09-10,18:30,Present
E0047,24/07/24,9:00,19:00,Present
E0047,2024/07/25,09:30,18-10,Present
E0047,26-07-2024,,,Absent
E0047,29-07-2024,9:00,18:30,Present
E0047,2024/07/30,,,Absent
E0047,2024/07/31,,,Absent
E0048,01/07/24,10:00,6.00 PM,Present
E0048,02-07-2024,10:00,19:00,Present
E0048,03-07-2024,,,Absent
E0048,04-07-2024,9.00 AM,6.00 PM,Present
E0048,05/07/24,09:15,18-10,Present
E0048,2024/07/08,9.00 AM,18:30,Present
E0048,09/07/24,10:00,19:00,Present
E0048,10/07/24,9:00,19:00,WFH
E0048,11/07/24,9.00 AM,19:00,Present
E0048,2024/07/12,,,Leave
E0048,2024/07/15,,,Absent
E0048,16-07-2024,,,Absent
E0048,17-07-2024,10:00,18:30,Present
E0048,18-07-2024,9:00,6.00 PM,Present
E0048,19/07/24,10:00,18:00,WFH
E0048,22-07-2024,,,Leave
E0048,23-07-2024,,,Absent
E0048,24-07-2024,,,Leave
E0048,2024/07/25,09:15,18:15,Present
E0048,26/07/24,9.00 AM,6.00 PM,Present
E0048,29/07/24,,,Absent
E0048,2024/07/30,09-10,18-10,Present
E0048,2024/07/31,09:15,6.00 PM,Present
E0049,2024/07/01,9.00 AM,18:30,Present
E0049,2024/07/02,10:00,18:15,Present
E0049,2024/07/03,,,Leave
E0049,04/07/24,09:15,18-10,Present
E0049,05/07/24,9.00 AM,18-10,Present
E0049,2024/07/08,9:00,6.00 PM,WFH
E0049,2024/07/09,9:00,18:00,Present
E0049,2024/07/10,09:30,18:15,Present
E0049,11-07-2024,10:00,6.00 PM,Present
E0049,2024/07/12,10:00,6.00 PM,Present
E0049,15-07-2024,9:00,18-10,Present
E0049,16/07/24,9:00,18:30,WFH
E0049,17-07-2024,9.00 AM,18-10,WFH
E0049,18-07-2024,09-10,19:00,Present
E0049,19-07-2024,09:30,6.00 PM,Present
E0049,22-07-2024,09-10,19:00,Present
E0049,23/07/24,,,Leave
E0049,24/07/24,9:00,18:00,Present
E0049,25-07-2024,,,Absent
E0049,26/07/24,9.00 AM,18-10,Present
E0049,29-07-2024,,,Absent
E0049,30/07/24,10:00,19:00,Present
E0049,31/07/24,09-10,19:00,Present
E0050,01/07/24,09-10,6.00 PM,Present
E0050,02-07-2024,09-10,19:00,Present
E0050,2024/07/03,10:00,18:00,Present
E0050,04-07-2024,9.00 AM,6.00 PM,WFH
E0050,05-07-2024,,,Leave
E0050,08-07-2024,,,Absent
E0050,09-07-2024,09-10,18:00,WFH
E0050,10/07/24,,,Absent
E0050,11/07/24,10:00,18-10,Present
E0050,2024/07/12,9.00 AM,18:30,Present
E0050,15-07-2024,09-10,19:00,Present
E0050,16-07-2024,09-10,18:00,Present
E0050,17/07/24,09-10,6.00 PM,Present
E0050,18/07/24,,,Leave
E0050,2024/07/19,,,Leave
E0050,22-07-2024,,,Absent
E0050,23/07/24,9.00 AM,19:00,Present
E0050,2024/07/24,9:00,6.00 PM,Present
E0050,25-07-2024,9:00,19:00,WFH
E0050,26-07-2024,09:15,18:30,Present
E0050,29/07/24,,,Leave
E0050,30/07/24,,,Absent
E0050,31/07/24,,,Absent
E0051,2024/07/01,9.00 AM,18:00,Present
E0051,2024/07/02,,,Leave
E0051,2024/07/03,10:00,18-10,Present
E0051,04-07-2024,10:00,18:30,Present
E0051,05-07-2024,,,Absent
E0051,08/07/24,9.00 AM,18:00,Present
E0051,09/07/24,,,Leave
E0051,10/07/24,,,Absent
E0051,11/07/24,09:15,18-10,Present
E0051,2024/07/12,,,Absent
E0051,15/07/24,09-10,18-10,Present
E0051,2024/07/16,,,Leave
E0051,17/07/24,09:15,19:00,Present
E0051,18-07-2024,09:30,18:00,Present
E0051,19/07/24,10:00,18-10,WFH
E0051,22-07-2024,10:00,18:30,Present
E0051,23/07/24,09:15,18:00,Present
E0051,24-07-2024,9:00,6.00 PM,WFH
E0051,25/07/24,09:30,18:30,WFH
E0051,26-07-2024,9.00 AM,18-10,Present
E0051,29/07/24,9.00 AM,19:00,WFH
E0051,30-07-2024,,,Leave
E0051,31-07-2024,09:15,18:15,Present
E0052,01-07-2024,09:15,19:00,Present
E0052,02-07-2024,9.00 AM,18:30,Present
E0052,03-07-2024,10:00,19:00,Present
E0052,2024/07/04,09-10,18:30,Present
E0052,05/07/24,09:30,18-10,WFH
E0052,08-07-2024,9.00 AM,18:00,Present
E0052,09-07-2024,09:30,18:00,Present
E0052,10/07/24,09:15,18:00,Present
E0052,11-07-2024,,,Absent
E0052,12-07-2024,09:30,18:15,Present
E0052,2024/07/15,10:00,19:00,Present
E0052,2024/07/16,09:30,18:15,Present
E0052,2024/07/17,,,Absent
E0052,18/07/24,,,Absent
E0052,2024/07/19,10:00,18:15,Present
E0052,2024/07/22,,,Absent
E0052,2024/07/23,09:30,18:15,Present
E0052,24-07-2024,10:00,18:00,WFH
E0052 ,25/07/24,9.00 AM,6.00 PM,Present
E0052,2024/07/26,,,Leave
E0052,2024/07/29,9:00,6.00 PM,Present
E0052,2024/07/30,10:00,18:15,Present
E0052,31-07-2024,9:00,19:00,present
E0053,2024/07/01,09:30,18-10,Present
E0053,02/07/24,9.00 AM,18:00,Present
E0053,03/07/24,10:00,19:00,Present
E0053,04-07-2024,09:15,18:30,Present
E0053,05-07-2024,09-10,18-10,WFH
E0053,08/07/24,,,Absent
E0053,09/07/24,09:30,18:00,Present
E0053,2024/07/10,10:00,18:30,WFH
E0053,2024/07/11,09:30,18:15,WFH
E0053,2024/07/12,,,Absent
E0053,2024/07/15,9.00 AM,19:00,WFH
E0053,16-07-2024,,,Leave
E0053,17-07-2024,,,Leave
E0053,18/07/24,9.00 AM,19:00,Present
E0053,19/07/24,,,Absent
E0053,22/07/24,09:15,6.00 PM,WFH
E0053,23-07-2024,,,Absent
E0053,2024/07/24,09:30,18:00,WFH
E0053,2024/07/25,,,Leave
E0053,2024/07/26,9.00 AM,18-10,Present
E0053,2024/07/29,10:00,18:30,WFH
E0053,30/07/24,,,Leave
E0053,2024/07/31,09:15,18:00,Present
E0054,01-07-2024,09:30,18:00,WFH
E0054,02/07/24,10:00,18:30,Present
E0054,2024/07/03,09-10,18-10,Present
E0054,04-07-2024,09:30,18-10,Present
E0054,2024/07/05,09-10,18:30,Present
E0054,08/07/24,9:00,18-10,Present
E0054,09/07/24,,,Leave
E0054,10-07-2024,,,Leave
E0054,11/07/24,9.00 AM,18:15,WFH
E0054,2024/07/12,9:00,18:15,Present
E0054,2024/07/15,,,Leave
E0054,16/07/24,09:15,18:00,Present
E0054,17/07/24,9.00 AM,18:30,Present
E0054,18-07-2024,09-10,18:30,Present
E0054,19/07/24,09-10,18:00,Present
E0054,22-07-2024,9:00,19:00,WFH
E0054,23-07-2024,09:30,18-10,Present
E0054,2024/07/24,,,Leave
E0054,25/07/24,09-10,18-10,Present
E0054,26-07-2024,09:15,18:00,Present
E0054,2024/07/29,,,Absent
E0054,30-07-2024,09-10,6.00 PM,WFH
E0054,31/07/24,,,Absent
E0055,2024/07/01,10:00,18:30,Present
E0055,2024/07/02,,,Absent
E0055,03-07-2024,09-10,19:00,Present
E0055,04-07-2024,09:30,19:00,Present
E0055,05-07-2024,,,Absent
E0055,2024/07/08,,,Leave
E0055,2024/07/09,09-10,18:30,Present
E0055,10/07/24,9.00 AM,18-10,WFH
E0055,11/07/24,09-10,18:30,Present
E0055,2024/07/12,10:00,18:30,WFH
E0055,15/07/24,09-10,18:00,WFH
E0055,2024/07/16,,,Leave
E0055,17-07-2024,09:30,19:00,Present
E0055,18/07/24,,,Absent
E0055,19/07/24,09:30,18-10,WFH
E0055,22/07/24,,,Leave
E0055,2024/07/23,09:30,19:00,Present
E0055,24-07-2024,9.00 AM,19:00,WFH
E0055,25/07/24,9.00 AM,18-10,Present
E0055,2024/07/26,,,Leave
E0055,29/07/24,10:00,18:30,WFH
E0055,30/07/24,09-10,18-10,WFH
E0055,2024/07/31,,,Leave
E0056,01-07-2024,,,Leave
E0056,02/07/24,,,Leave
E0056,03/07/24,,,Leave
E0056,04/07/24,09:30,18-10,Present
E0056,05-07-2024,,,Leave
E0056,08-07-2024,,,Leave
E0056,09-07-2024,09-10,6.00 PM,Present
E0056,2024/07/10,,,Absent
E0056,2024/07/11,,,Absent
E0056,12/07/24,9.00 AM,18:15,WFH
E0056,15/07/24,09:15,18:00,Present
E0056,2024/07/16,,,Absent
E0056,2024/07/17,,,Leave
E0056,18/07/24,,,Leave
E0056,19-07-2024,10:00,18:00,Present
E0056,22-07-2024,9.00 AM,18:15,Present
E0056 ,23/07/24,9:00,18-10,Present
E0056,2024/07/24,09-10,19:00,WFH
E0056,2024/07/25,9:00,18:00,Present
E0056,26/07/24,09:30,19:00,WFH
E0056,2024/07/29,,,Absent
E0056,30-07-2024,09:15,18:00,Present
E0056,31/07/24,,,Leave
E0057,2024/07/01,9.00 AM,6.00 PM,Present
E0057,02-07-2024,09:15,18-10,Present
E0057,03/07/24,9:00,18:15,WFH
E0057,04-07-2024,9:00,6.00 PM,Present
E0057,2024/07/05,9:00,19:00,Present
E0057,08-07-2024,09:30,18:15,Present
E0057,09/07/24,9:00,18:15,Present
E0057,2024/07/10,09-10,19:00,WFH
E0057,11-07-2024,09:30,18:30,Present
E0057,2024/07/12,10:00,18:15,Present
E0057,15/07/24,,,Leave
E0057,2024/07/16,09:30,18-10,WFH
E0057,2024/07/17,10:00,18:15,Present
E0057,18/07/24,9:00,18-10,Present
E0057,2024/07/19,09-10,18-10,Present
E0057,22/07/24,,,Leave
E0057,23-07-2024,,,Leave
E0057,24/07/24,,,Leave
E0057,25/07/24,09:15,18-10,WFH
E0057,2024/07/26,09:30,6.00 PM,Present
E0057,29/07/24,,,Leave
E0057,30/07/24,10:00,18:15,Present
E0057,2024/07/31,9.00 AM,6.00 PM,present
E0058,2024/07/01,9.00 AM,6.00 PM,WFH
E0058,02/07/24,10:00,18-10,Present
E0058,2024/07/03,,,Leave
E0058,2024/07/04,10:00,18:00,Present
E0058,2024/07/05,,,Absent
E0058,2024/07/08,09-10,18:00,Present
E0058,2024/07/09,9.00 AM,19:00,WFH
E0058,2024/07/10,,,Leave
E0058,11-07-2024,10:00,18:30,Present
E0058,12-07-2024,,,Absent
E0058,15/07/24,,,Leave
E0058 ,16/07/24,,,Absent
E0058,17/07/24,9.00 AM,18:00,Present
E0058,18-07-2024,09:30,19:00,present
E0058,19/07/24,,,Leave
E0058,22/07/24,09:30,18:15,Present
E0058,23-07-2024,,,Leave
E0058,2024/07/24,,,Leave
E0058,2024/07/25,09:30,18:15,WFH
E0058,26/07/24,09:15,18:00,Present
E0058,29-07-2024,,,Leave
E0058,30/07/24,9:00,18:30,Present
E0058,31/07/24,09-10,18:30,Present
E0059,2024/07/01,09:15,18:00,Present
E0059,2024/07/02,09:30,18:15,WFH
E0059,03/07/24,,,Leave
E0059,2024/07/04,9:00,18:15,present
E0059,2024/07/05,09:15,19:00,WFH
E0059,08/07/24,09:30,18:00,WFH
E0059,09-07-2024,09:15,18-10,Present
E0059,10-07-2024,09:30,18:30,Present
E0059,11-07-2024,,,Absent
E0059,12/07/24,09:30,6.00 PM,Present
E0059,2024/07/15,,,Leave
E0059,2024/07/16,,,Absent
E0059,2024/07/17,9:00,18-10,WFH
E0059,18-07-2024,9:00,6.00 PM,Present
E0059,19/07/24,9:00,18:30,Present
E0059,22/07/24,,,present
E0059,23/07/24,09-10,6.00 PM,WFH
E0059,24-07-2024,09-10,18:15,Present
E0059,25-07-2024,9.00 AM,19:00,Present
E0059,2024/07/26,,,Leave
E0059,29-07-2024,09-10,6.00 PM,Present
E0059,2024/07/30,09-10,19:00,Present
E0059,2024/07/31,,,Absent
E0060,2024/07/01,9:00,19:00,WFH
E0060,02-07-2024,10:00,18:30,Present
E0060,2024/07/03,,,Leave
E0060,2024/07/04,9:00,18:15,Present
E0060,05-07-2024,10:00,6.00 PM,WFH
E0060,08/07/24,,,Leave
E0060,09-07-2024,,,Leave
E0060,10/07/24,,,Leave
E0060,2024/07/11,10:00,18:15,WFH
E0060,12/07/24,,,Absent
E0060,2024/07/15,,,Absent
E0060,16/07/24,,,Absent
E0060,17-07-2024,10:00,18-10,Present
E0060,2024/07/18,09-10,19:00,Present
E0060,19-07-2024,9.00 AM,6.00 PM,WFH
E0060,22-07-2024,,,Absent
E0060,23/07/24,10:00,18:00,Present
E0060,24-07-2024,9.00 AM,18:00,Present
E0060,2024/07/25,09-10,6.00 PM,Present
E0060,26/07/24,,,Leave
E0060,2024/07/29,9:00,18:30,Present
E0060,2024/07/30,10:00,18:15,Present
E0060,31/07/24,10:00,6.00 PM,Present
E0061,01-07-2024,10:00,18:30,WFH
E0061,02-07-2024,09:30,18:15,WFH
E0061,03/07/24,,,Absent
E0061,04-07-2024,09:15,18:30,Present
E0061,05-07-2024,09:30,18:00,Present
E0061,08/07/24,09:30,19:00,Present
E0061,09-07-2024,,,Absent
E0061,10/07/24,09:30,19:00,Present
E0061,2024/07/11,9.00 AM,6.00 PM,WFH
E0061,2024/07/12,9:00,18:30,WFH
E0061,15-07-2024,09:15,18:30,Present
E0061,16/07/24,9.00 AM,18:30,Present
E0061,17/07/24,10:00,6.00 PM,WFH
E0061,18/07/24,09:15,18:30,Present
E0061,19-07-2024,9.00 AM,18:00,WFH
E0061,22-07-2024,9:00,18:00,WFH
E0061,2024/07/23,9.00 AM,18:15,Present
E0061,24-07-2024,09:30,6.00 PM,WFH
E0061,2024/07/25,9:00,18-10,Present
E0061,2024/07/26,10:00,18-10,Present
E0061,29/07/24,09:15,19:00,Present
E0061,30-07-2024,,,Leave
E0061,2024/07/31,10:00,19:00,Present
E0062,01/07/24,09:30,19:00,Present
E0062,02/07/24,,,Leave
E0062,03/07/24,10:00,18-10,Present
E0062,2024/07/04,,,Leave
E0062,05-07-2024,,,Leave
E0062,2024/07/08,,,Leave
E0062,09-07-2024,,,Absent
E0062,10-07-2024,09-10,18:30,WFH
E0062,11-07-2024,10:00,18:15,Present
E0062,12/07/24,09:30,18:00,Present
E0062,15-07-2024,9.00 AM,18:15,WFH
E0062,16/07/24,,,Leave
E0062,2024/07/17,9.00 AM,18:00,Present
E0062,18/07/24,09:15,19:00,Present
E0062,19/07/24,09:15,19:00,WFH
E0062,22-07-2024,,,Leave
E0062,23-07-2024,09:30,18:15,Present
E0062,24/07/24,10:00,19:00,Present
E0062,2024/07/25,,,Absent
E0062,2024/07/26,09-10,18:15,Present
E0062,29-07-2024,10:00,18:00,Present
E0062,30/07/24,09-10,18:00,Present
E0062,31/07/24,10:00,18:15,Present
E0063,2024/07/01,,,Leave
E0063,02/07/24,,,Leave
E0063,2024/07/03,09-10,19:00,Present
E0063,2024/07/04,9:00,18:00,WFH
E0063,05/07/24,9.00 AM,18-10,Present
E0063,2024/07/08,09-10,6.00 PM,WFH
E0063,09/07/24,9:00,18-10,Present
E0063,2024/07/10,10:00,19:00,Present
E0063,2024/07/11,9:00,18:30,Present
E0063,12/07/24,9.00 AM,18-10,Present
E0063,15-07-2024,09:30,18:30,WFH
E0063,16/07/24,,,Absent
E0063,17-07-2024,9.00 AM,18:00,Present
E0063,18-07-2024,09-10,6.00 PM,WFH
E0063,2024/07/19,10:00,6.00 PM,Present
E0063,2024/07/22,09:30,18:15,Present
E0063,23-07-2024,,,Leave
E0063,2024/07/24,9.00 AM,6.00 PM,Present
E0063,25/07/24,,,Absent
E0063,26-07-2024,,,Absent
E0063,2024/07/29,9:00,18:30,Present
E0063,2024/07/30,9:00,18:00,Present
E0063,2024/07/31,,,Absent
E0064 ,2024/07/01,9.00 AM,6.00 PM,Present
E0064,2024/07/02,09:15,18:30,Present
E0064,03/07/24,10:00,18:30,WFH
E0064,2024/07/04,09-10,18-10,Present
E0064,05-07-2024,,,Absent
E0064,08/07/24,9:00,18:30,Present
E0064,2024/07/09,9.00 AM,18:30,Present
E0064,10-07-2024,,,Leave
E0064,11-07-2024,9.00 AM,18:30,present
E0064,12-07-2024,,,Absent
E0064,2024/07/15,10:00,6.00 PM,Present
E0064,2024/07/16,,,Leave
E0064,2024/07/17,,,Absent
E0064,18-07-2024,09-10,18-10,Present
E0064,19-07-2024,09-10,18:00,WFH
E0064,22-07-2024,09-10,18:00,WFH
E0064,23/07/24,10:00,6.00 PM,Present
E0064,24/07/24,,,Leave
E0064,25/07/24,,,Leave
E0064,26-07-2024,9.00 AM,18:00,Present
E0064,29-07-2024,,,Leave
E0064,30/07/24,9.00 AM,18-10,Present
E0064,31-07-2024,9:00,19:00,WFH
E0065,01-07-2024,09-10,18-10,WFH
E0065,02/07/24,,,Leave
E0065,03-07-2024,09-10,18-10,Present
E0065,04-07-2024,09:30,18:00,Present
E0065,2024/07/05,09:15,18:15,Present
E0065,08/07/24,09:15,19:00,Present
E0065,2024/07/09,09:15,18:15,WFH
E0065,10-07-2024,09:15,19:00,Present
E0065,11/07/24,9.00 AM,6.00 PM,Present
E0065,12-07-2024,09:30,19:00,Present
E0065,15-07-2024,9:00,18-10,Present
E0065,16/07/24,9.00 AM,19:00,Present
E0065,17/07/24,09:30,18-10,Present
E0065,18/07/24,09:15,6.00 PM,Present
E0065,2024/07/19,9.00 AM,6.00 PM,WFH
E0065,2024/07/22,09:15,18-10,Present
E0065,2024/07/23,09-10,19:00,Present
E0065,24-07-2024,9.00 AM,18-10,present
E0065,2024/07/25,10:00,18:15,WFH
E0065,26-07-2024,10:00,18-10,Present
E0065,29-07-2024,09:30,6.00 PM,Present
E0065,30/07/24,,,Absent
E0065,31-07-2024,10:00,19:00,Present
E0066,01/07/24,09:30,19:00,Present
E0066,02/07/24,,,present
E0066,03/07/24,10:00,6.00 PM,WFH
E0066,04-07-2024,9:00,18:15,Present
E0066,05-07-2024,09:30,18-10,Present
E0066,2024/07/08,09-10,18:15,Present
E0066,09/07/24,09:30,18-10,Present
E0066,10-07-2024,10:00,18:30,Present
E0066,11/07/24,,,Absent
E0066,12/07/24,10:00,18:30,Present
E0066,15-07-2024,09-10,18:15,Present
E0066,16/07/24,09:15,18:30,Present
E0066,2024/07/17,,,present
E0066,18-07-2024,,,Leave
E0066,19-07-2024,09-10,18-10,WFH
E0066,2024/07/22,09-10,18:00,Present
E0066,23-07-2024,09-10,18-10,Present
E0066,24/07/24,,,Absent
E0066,2024/07/25,10:00,18:15,Present
E0066,2024/07/26,09-10,18:15,Present
E0066,29-07-2024,10:00,18:30,Present
E0066,30/07/24,9.00 AM,18:00,WFH
E0066,31/07/24,09:15,6.00 PM,Present
E0067,01-07-2024,9.00 AM,18-10,Present
E0067,02-07-2024,,,Absent
E0067,2024/07/03,09-10,18:15,Present
E0067,04/07/24,10:00,6.00 PM,WFH
E0067,05/07/24,10:00,18-10,Present
E0067,08/07/24,,,Absent
E0067,09-07-2024,,,Absent
E0067,10-07-2024,,,Leave
E0067,2024/07/11,09:30,18:00,Present
E0067,12-07-2024,10:00,19:00,Present
E0067,15/07/24,09:15,18-10,Present
E0067,16/07/24,9:00,18:15,WFH
E0067,17-07-2024,9.00 AM,18-10,Present
E0067,18-07-2024,09-10,18-10,Present
E0067,19-07-2024,,,Absent
E0067,22-07-2024,09:30,18:15,Present
E0067,23-07-2024,09:30,18:00,Present
E0067,2024/07/24,09:30,18:30,Present
E0067,2024/07/25,,,Absent
E0067,26/07/24,,,Leave
E0067,29/07/24,09:15,18:30,Present
E0067,30/07/24,9.00 AM,18:00,Present
E0067,2024/07/31,10:00,18:00,Present
E0068,01-07-2024,09:15,19:00,WFH
E0068,02/07/24,,,Absent
E0068,03/07/24,,,Leave
E0068,04-07-2024,10:00,18:00,WFH
E0068,05-07-2024,9.00 AM,19:00,Present
E0068,2024/07/08,09:15,18:30,Present
E0068,09/07/24,09:30,18-10,Present
E0068,10/07/24,09:30,19:00,Present
E0068,11-07-2024,09-10,18:15,Present
E0068,12/07/24,,,Leave
E0068,15/07/24,09-10,18:00,WFH
E0068,16-07-2024,09-10,18:30,Present
E0068,17/07/24,09:15,6.00 PM,Present
E0068,18-07-2024,09:15,18-10,Present
E0068,19/07/24,09-10,18:30,Present
E0068,22/07/24,09:30,18:15,Present
E0068,23/07/24,9.00 AM,18:30,WFH
E0068,2024/07/24,,,Absent
E0068,2024/07/25,10:00,18:00,Present
E0068,26/07/24,10:00,18:00,Present
E0068,29-07-2024,,,Absent
E0068,30-07-2024,09:30,18:30,Present
E0068,2024/07/31,9:00,18:15,Present
E0069,01/07/24,09:15,18:15,Present
E0069,2024/07/02,09:30,6.00 PM,WFH
E0069,03/07/24,09:15,18:15,WFH
E0069,04/07/24,,,Leave
E0069,2024/07/05,,,Leave
E0069,08/07/24,9.00 AM,18:30,WFH
E0069,2024/07/09,9.00 AM,18:30,Present
E0069,10/07/24,09-10,18:00,Present
E0069,11-07-2024,10:00,6.00 PM,WFH
E0069,12-07-2024,9.00 AM,19:00,WFH
E0069,15/07/24,10:00,19:00,Present
E0069,16-07-2024,09:30,19:00,Present
E0069,2024/07/17,,,Leave
E0069,18-07-2024,9:00,18:15,Present
E0069,19-07-2024,09:15,6.00 PM,Present
E0069,22/07/24,,,Leave
E0069,2024/07/23,09:15,18:00,Present
E0069,24/07/24,,,Absent
E0069,25-07-2024,09:30,18:30,Present
E0069,26/07/24,9:00,18:00,Present
E0069,29-07-2024,09:30,18:15,Present
E0069,2024/07/30,09:30,18:15,Present
E0069,2024/07/31,,,Leave
E0070,2024/07/01,09:15,6.00 PM,Present
E0070,02/07/24,9.00 AM,18:00,Present
E0070,03/07/24,,,Absent
E0070,2024/07/04,9.00 AM,19:00,Present
E0070,2024/07/05,,,present
E0070 ,08/07/24,,,present
E0070,2024/07/09,09:30,18:00,WFH
E0070,10/07/24,09:15,18:00,Present
E0070,11-07-2024,09-10,18:30,WFH
E0070,12/07/24,,,Absent
E0070,15-07-2024,09-10,18-10,Present
E0070,16-07-2024,9:00,19:00,Present
E0070,17-07-2024,09:15,18:15,Present
E0070,2024/07/18,9.00 AM,19:00,WFH
E0070,19-07-2024,9.00 AM,18:00,Present
E0070,2024/07/22,09-10,19:00,WFH
E0070,23/07/24,,,Absent
E0070,24/07/24,09:15,19:00,Present
E0070,25-07-2024,9.00 AM,6.00 PM,Present
E0070,26-07-2024,,,Leave
E0070,2024/07/29,09:30,18:30,WFH
E0070,30-07-2024,09:15,18:15,Present
E0070,31-07-2024,10:00,18:00,Present
E0071,01-07-2024,09-10,6.00 PM,Present
E0071,02-07-2024,9:00,18:00,WFH
E0071,2024/07/03,09:15,18:15,Present
E0071,04-07-2024,09:15,6.00 PM,Present
E0071,05/07/24,,,Absent
E0071,08/07/24,9.00 AM,18:15,Present
E0071,2024/07/09,9:00,18:15,WFH
E0071,10-07-2024,10:00,19:00,Present
E0071,11-07-2024,10:00,18:00,Present
E0071,12/07/24,09:15,6.00 PM,WFH
E0071,15/07/24,9.00 AM,18:30,WFH
E0071,2024/07/16,9.00 AM,18:15,Present
E0071,17-07-2024,,,Leave
E0071,2024/07/18,,,Absent
E0071,19-07-2024,10:00,18:30,Present
E0071,2024/07/22,09:30,18-10,Present
E0071,2024/07/23,,,Leave
E0071,24-07-2024,09:15,18:15,WFH
E0071,2024/07/25,9.00 AM,19:00,Present
E0071,26/07/24,,,Absent
E0071,29/07/24,9:00,18:15,WFH
E0071,2024/07/30,09-10,19:00,Present
E0071,2024/07/31,09-10,18:30,Present
E0072,01-07-2024,9.00 AM,18:30,WFH
E0072,02/07/24,9.00 AM,19:00,Present
E0072,2024/07/03,9.00 AM,18:30,Present
E0072,2024/07/04,,,Absent
E0072,05/07/24,,,Leave
E0072,08/07/24,09:30,18-10,Present
E0072,09-07-2024,,,Absent
E0072 ,10/07/24,09:30,18-10,Present
E0072,2024/07/11,9.00 AM,18:30,Present
E0072,2024/07/12,9.00 AM,18:00,WFH
E0072,15/07/24,09:15,18-10,Present
E0072,16-07-2024,,,Leave
E0072,17-07-2024,10:00,6.00 PM,Present
E0072,2024/07/18,09:15,18:00,Present
E0072,19-07-2024,9.00 AM,6.00 PM,WFH
E0072,22/07/24,9:00,6.00 PM,Present
E0072,23/07/24,,,Absent
E0072,24-07-2024,9:00,18:30,Present
E0072,25-07-2024,,,Absent
E0072,26/07/24,09:15,19:00,Present
E0072,29/07/24,09-10,19:00,Present
E0072,30/07/24,,,Absent
E0072,31-07-2024,9.00 AM,18:30,Present
E0073,01-07-2024,9.00 AM,18:30,Present
E0073,02-07-2024,09-10,18:15,Present
E0073,2024/07/03,9.00 AM,18:00,Present
E0073,2024/07/04,10:00,6.00 PM,Present
E0073,2024/07/05,9:00,18:00,Present
E0073,08/07/24,,,Leave
E0073,09-07-2024,09:15,18:00,Present
E0073,10-07-2024,09-10,6.00 PM,Present
E0073,11-07-2024,09:15,18:15,Present
E0073,12-07-2024,9:00,6.00 PM,WFH
E0073,2024/07/15,,,Absent
E0073,16/07/24,10:00,19:00,Present
E0073,2024/07/17,09:30,18:00,Present
E0073,18/07/24,10:00,18-10,Present
E0073,2024/07/19,,,Absent
E0073,22-07-2024,09:30,18-10,Present
E0073,23-07-2024,,,Leave
E0073,24-07-2024,09:30,6.00 PM,Present
E0073,2024/07/25,09:15,18:15,WFH
E0073,26-07-2024,09:30,6.00 PM,WFH
E0073,29/07/24,09:15,18:15,Present
E0073,30-07-2024,9.00 AM,18:00,Present
E0073,2024/07/31,09:30,18:30,Present
E0074,2024/07/01,09:15,6.00 PM,WFH
E0074,2024/07/02,09:15,18:00,Present
E0074,03/07/24,,,present
E0074,04-07-2024,,,Absent
E0074,05/07/24,,,Leave
E0074,2024/07/08,10:00,18:30,WFH
E0074,2024/07/09,09:30,19:00,WFH
E0074 ,10/07/24,10:00,19:00,Present
E0074,11-07-2024,9:00,18:15,WFH
E0074,2024/07/12,,,Absent
E0074,15-07-2024,09:30,18:00,Present
E0074,2024/07/16,,,present
E0074,2024/07/17,09:30,18-10,WFH
E0074,18-07-2024,,,Absent
E0074,19-07-2024,10:00,18:00,Present
E0074,22-07-2024,,,Leave
E0074,23-07-2024,,,Absent
E0074,24-07-2024,10:00,6.00 PM,WFH
E0074,2024/07/25,09:30,19:00,Present
E0074,26/07/24,,,Absent
E0074,2024/07/29,,,Absent
E0074,30-07-2024,,,Leave
E0074,31/07/24,09:15,18:30,Present
E0075,2024/07/01,,,Absent
E0075,2024/07/02,10:00,18:30,Present
E0075,03/07/24,,,Absent
E0075,2024/07/04,,,Absent
E0075 ,05/07/24,09-10,18-10,Present
E0075,2024/07/08,9:00,18:00,Present
E0075,2024/07/09,09:30,6.00 PM,Present
E0075,2024/07/10,10:00,18:30,Present
E0075,2024/07/11,09-10,19:00,WFH
E0075,12/07/24,,,Leave
E0075,2024/07/15,09:30,18:15,Present
E0075,16/07/24,09:15,18:30,WFH
E0075,2024/07/17,10:00,18:30,Present
E0075,2024/07/18,,,Leave
E0075,19-07-2024,09:15,18:15,WFH
E0075,22/07/24,9.00 AM,19:00,Present
E0075,23-07-2024,9.00 AM,18:00,Present
E0075,2024/07/24,,,Leave
E0075,25-07-2024,9.00 AM,18:30,WFH
E0075,2024/07/26,,,present
E0075,29-07-2024,9.00 AM,18:15,Present
E0075,2024/07/30,10:00,6.00 PM,Present
E0075,2024/07/31,,,Absent
E0076,2024/07/01,,,Leave
E0076,02/07/24,09-10,18:00,Present
E0076,2024/07/03,09:15,6.00 PM,WFH
E0076,04-07-2024,9.00 AM,19:00,WFH
E0076,05/07/24,9:00,18:00,Present
E0076,2024/07/08,,,Absent
E0076,09-07-2024,,,Absent
E0076,10-07-2024,9.00 AM,6.00 PM,Present
E0076,11/07/24,9:00,18:15,Present
E0076,2024/07/12,9:00,18-10,WFH
E0076,15/07/24,09:30,19:00,Present
E0076,16/07/24,,,Absent
E0076,17/07/24,9.00 AM,18-10,Present
E0076,2024/07/18,,,Leave
E0076,2024/07/19,10:00,18:30,Present
E0076,22/07/24,09:30,6.00 PM,Present
E0076,2024/07/23,9:00,6.00 PM,Present
E0076,24-07-2024,09-10,19:00,Present
E0076,25/07/24,09:30,18:00,Present
E0076,26/07/24,9.00 AM,18:15,Present
E0076,29/07/24,10:00,18-10,Present
E0076,2024/07/30,10:00,18-10,Present
E0076,31-07-2024,9.00 AM,6.00 PM,WFH
E0077,01/07/24,09:30,18:30,Present
E0077,02-07-2024,,,Leave
E0077,03/07/24,09:15,18:30,Present
E0077,04/07/24,,,present
E0077,2024/07/05,9:00,18-10,WFH
E0077 ,08-07-2024,09:30,18:00,WFH
E0077,09-07-2024,9.00 AM,18:00,WFH
E0077,10/07/24,,,Absent
E0077,11-07-2024,10:00,18-10,Present
E0077 ,12/07/24,09-10,18:30,WFH
E0077,15/07/24,9.00 AM,18:00,Present
E0077,16/07/24,09-10,18:00,Present
E0077,17-07-2024,9.00 AM,6.00 PM,WFH
E0077,18-07-2024,9.00 AM,18:30,Present
E0077,2024/07/19,09-10,6.00 PM,WFH
E0077,2024/07/22,,,Leave
E0077,23-07-2024,10:00,19:00,Present
E0077,24-07-2024,,,Leave
E0077,2024/07/25,09:30,6.00 PM,Present
E0077,2024/07/26,,,Leave
E0077,29-07-2024,,,Leave
E0077,30/07/24,9.00 AM,19:00,Present
E0077,31/07/24,9:00,6.00 PM,WFH
E0078,2024/07/01,09-10,18-10,Present
E0078,02/07/24,,,Absent
E0078,03-07-2024,09:15,18-10,Present
E0078,04/07/24,09:30,18:30,WFH
E0078,05/07/24,09-10,18:30,Present
E0078,2024/07/08,,,Leave
E0078,09/07/24,,,Absent
E0078,10-07-2024,,,Absent
E0078,11-07-2024,,,Leave
E0078,12/07/24,10:00,19:00,Present
E0078,15/07/24,9:00,19:00,Present
E0078,2024/07/16,9.00 AM,18:15,WFH
E0078,17-07-2024,09:30,18-10,Present
E0078,18/07/24,09:15,18:00,Present
E0078,19/07/24,09:30,18-10,Present
E0078,22/07/24,10:00,18:00,WFH
E0078,23-07-2024,09:15,18:30,Present
E0078,24/07/24,,,Absent
E0078,25-07-2024,,,Absent
E0078,26-07-2024,09:30,18-10,Present
E0078,29/07/24,09:30,18-10,Present
E0078,30/07/24,09:15,18:30,Present
E0078,31/07/24,9.00 AM,18:15,Present
E0079,01/07/24,09-10,19:00,Present
E0079,2024/07/02,9:00,18-10,Present
E0079,2024/07/03,,,Absent
E0079,2024/07/04,,,Absent
E0079,2024/07/05,09:30,18:30,present
E0079,08/07/24,10:00,18:30,Present
E0079,09/07/24,,,Leave
E0079 ,10-07-2024,09:30,18:15,Present
E0079,11/07/24,9:00,18:15,Present
E0079,2024/07/12,,,Absent
E0079,15-07-2024,,,Absent
E0079,16/07/24,9:00,18:15,WFH
E0079,17/07/24,09:15,18:30,Present
E0079,18-07-2024,9.00 AM,19:00,Present
E0079,19/07/24,09:30,18-10,WFH
E0079,22-07-2024,9:00,18:30,WFH
E0079,2024/07/23,09-10,6.00 PM,Present
E0079,2024/07/24,9:00,18:30,WFH
E0079,25/07/24,,,Absent
E0079,26/07/24,,,Leave
E0079,2024/07/29,,,Leave
E0079 ,30-07-2024,,,Absent
E0079,31/07/24,09:15,18-10,Present
E0080,01-07-2024,9:00,18:30,Present
E0080,2024/07/02,10:00,18-10,Present
E0080,2024/07/03,9.00 AM,18:30,WFH
E0080,04-07-2024,09-10,6.00 PM,Present
E0080,2024/07/05,09:15,18:15,Present
E0080,2024/07/08,,,Leave
E0080,2024/07/09,09:30,6.00 PM,Present
E0080,10/07/24,,,Absent
E0080 ,2024/07/11,9:00,18-10,Present
E0080,12/07/24,10:00,18:15,Present
E0080,15-07-2024,09:15,18-10,WFH
E0080,16-07-2024,9.00 AM,18:00,WFH
E0080,17-07-2024,10:00,19:00,Present
E0080,18/07/24,,,Absent
E0080,19-07-2024,09:15,18:15,WFH
E0080,2024/07/22,10:00,18:00,Present
E0080,23/07/24,,,Leave
E0080,2024/07/24,,,Leave
E0080,2024/07/25,09-10,18-10,WFH
E0080,2024/07/26,9.00 AM,18:30,WFH
E0080,29-07-2024,,,Absent
E0080,30-07-2024,9.00 AM,18:00,Present
E0080,2024/07/31,,,Absent
E0081,01-07-2024,10:00,18:15,Present
E0081,02-07-2024,,,Absent
E0081,2024/07/03,09-10,6.00 PM,Present
E0081,04-07-2024,,,Leave
E0081,2024/07/05,09:15,18-10,Present
E0081,08-07-2024,10:00,18-10,Present
E0081,2024/07/09,10:00,18:15,WFH
E0081,2024/07/10,9:00,6.00 PM,Present
E0081,11-07-2024,09-10,18:00,WFH
E0081,12/07/24,09:30,19:00,WFH
E0081,15-07-2024,,,Leave
E0081,16-07-2024,,,Absent
E0081,17-07-2024,,,Absent
E0081,18/07/24,,,Leave
E0081,19-07-2024,,,Leave
E0081,2024/07/22,09:30,19:00,WFH
E0081,23-07-2024,09-10,18:15,WFH
E0081,2024/07/24,,,Leave
E0081,25/07/24,,,Absent
E0081,2024/07/26,9.00 AM,6.00 PM,WFH
E0081,2024/07/29,10:00,18:00,WFH
E0081,30-07-2024,,,Absent
E0081,31/07/24,10:00,18:00,Present
E0082,01/07/24,9:00,6.00 PM,Present
E0082,2024/07/02,,,Absent
E0082,2024/07/03,,,Leave
E0082,04-07-2024,10:00,18-10,Present
E0082,2024/07/05,9:00,18:30,Present
E0082,08-07-2024,9:00,18-10,Present
E0082,09-07-2024,,,Leave
E0082,10-07-2024,,,Absent
E0082,11/07/24,9:00,18-10,WFH
E0082,12-07-2024,,,Absent
E0082,15/07/24,9.00 AM,18:30,WFH
E0082,16-07-2024,9.00 AM,6.00 PM,Present
E0082,17/07/24,09:30,18-10,WFH
E0082,18-07-2024,9:00,18-10,Present
E0082,19/07/24,9:00,18:15,Present
E0082,22/07/24,,,Leave
E0082,23/07/24,,,Absent
E0082,24-07-2024,,,Absent
E0082 ,25-07-2024,,,Absent
E0082,2024/07/26,10:00,18:00,Present
E0082,29-07-2024,,,Leave
E0082,30/07/24,,,Absent
E0082,31/07/24,,,Absent
E0083,01-07-2024,,,Absent
E0083,02/07/24,09-10,18-10,Present
E0083,03/07/24,9:00,18:30,WFH
E0083,04/07/24,,,Absent
E0083,2024/07/05,,,Leave
E0083,08-07-2024,10:00,19:00,WFH
E0083,09-07-2024,,,Absent
E0083,2024/07/10,9.00 AM,18-10,Present
E0083,11-07-2024,9.00 AM,18:15,Present
E0083,12/07/24,,,Leave
E0083,15-07-2024,09:15,6.00 PM,Present
E0083,16/07/24,9.00 AM,19:00,WFH
E0083,2024/07/17,9.00 AM,18-10,Present
E0083,2024/07/18,,,Leave
E0083,19-07-2024,10:00,18:00,Present
E0083,22-07-2024,10:00,18:15,WFH
E0083,2024/07/23,09:30,18-10,Present
E0083,24-07-2024,,,Leave
E0083,25-07-2024,10:00,18-10,Present
E0083,26-07-2024,,,Absent
E0083,29/07/24,,,Leave
E0083,30-07-2024,9:00,6.00 PM,WFH
E0083,2024/07/31,9.00 AM,19:00,WFH
E0084,2024/07/01,10:00,19:00,Present
E0084,02-07-2024,09:15,18-10,Present
E0084,2024/07/03,9.00 AM,19:00,Present
E0084,04-07-2024,10:00,18:15,Present
E0084,2024/07/05,10:00,18:30,WFH
E0084,08-07-2024,09:30,18:00,Present
E0084,09/07/24,9.00 AM,18:30,WFH
E0084,10-07-2024,10:00,18-10,Present
E0084,11/07/24,,,Absent
E0084,12/07/24,,,Absent
E0084,15-07-2024,,,Absent
E0084,16/07/24,10:00,18:30,Present
E0084,17-07-2024,9.00 AM,18:15,Present
E0084,2024/07/18,09-10,6.00 PM,Present
E0084,2024/07/19,,,Leave
E0084,22-07-2024,,,Absent
E0084,23/07/24,09:30,6.00 PM,Present
E0084,24/07/24,9.00 AM,6.00 PM,Present
E0084,2024/07/25,9:00,18:30,WFH
E0084,26-07-2024,10:00,18:30,Present
E0084,2024/07/29,,,Leave
E0084,2024/07/30,9:00,18:00,WFH
E0084,31/07/24,09:15,18:15,Present
E0085,01-07-2024,9:00,19:00,present
E0085,02-07-2024,09-10,18:15,Present
E0085,03-07-2024,9:00,18:15,Present
E0085,04-07-2024,,,Absent
E0085,05/07/24,09-10,18:15,WFH
E0085,08-07-2024,,,Absent
E0085,09-07-2024,09:30,18-10,Present
E0085,2024/07/10,09-10,18-10,Present
E0085 ,11/07/24,,,Absent
E0085,12/07/24,9.00 AM,19:00,WFH
E0085,2024/07/15,09:15,18-10,Present
E0085,16-07-2024,,,Absent
E0085,17-07-2024,9:00,6.00 PM,Present
E0085,2024/07/18,,,Absent
E0085,19/07/24,10:00,19:00,Present
E0085,2024/07/22,10:00,18-10,Present
E0085,23/07/24,9:00,19:00,Present
E0085,2024/07/24,09-10,6.00 PM,WFH
E0085,25/07/24,09:30,18:15,WFH
E0085,26-07-2024,9.00 AM,18:15,Present
E0085,29/07/24,,,Leave
E0085,30/07/24,,,Absent
E0085,31-07-2024,,,Leave
E0086,01-07-2024,09:30,6.00 PM,Present
E0086,02-07-2024,9.00 AM,19:00,Present
E0086,03/07/24,09-10,18:00,Present
E0086,2024/07/04,10:00,18:30,Present
E0086,2024/07/05,10:00,18:00,Present
E0086,08-07-2024,10:00,18:15,Present
E0086,09/07/24,10:00,18:15,Present
E0086,10/07/24,9.00 AM,18-10,Present
E0086,11-07-2024,9:00,18:00,Present
E0086,12-07-2024,,,Absent
E0086,15/07/24,,,Absent
E0086,16/07/24,,,Leave
E0086,17-07-2024,9.00 AM,18-10,WFH
E0086,18/07/24,,,Leave
E0086,19/07/24,,,Absent
E0086,22/07/24,09:30,19:00,Present
E0086,23-07-2024,,,Absent
E0086,24-07-2024,,,Leave
E0086,25/07/24,,,Leave
E0086,26-07-2024,09-10,18:00,Present
E0086,29-07-2024,,,Absent
E0086,2024/07/30,,,Leave
E0086,31-07-2024,,,Absent
E0087,01/07/24,09-10,18:00,Present
E0087,02/07/24,,,Leave
E0087,03/07/24,9:00,19:00,Present
E0087,04-07-2024,,,Absent
E0087,05/07/24,,,Leave
E0087,08/07/24,,,Absent
E0087,2024/07/09,9:00,19:00,Present
E0087,10/07/24,09:30,18-10,Present
E0087,11-07-2024,10:00,18:15,Present
E0087,12/07/24,9.00 AM,19:00,Present
E0087,2024/07/15,10:00,18:00,Present
E0087,16/07/24,09-10,18:15,Present
E0087,2024/07/17,09:30,18:00,Present
E0087,18/07/24,9:00,18:00,Present
E0087,19-07-2024,09-10,18:30,WFH
E0087,22-07-2024,10:00,18-10,WFH
E0087,2024/07/23,09-10,18:00,Present
E0087,24-07-2024,,,Leave
E0087,2024/07/25,,,Leave
E0087,26-07-2024,,,Leave
E0087,2024/07/29,,,Leave
E0087,30-07-2024,9.00 AM,18-10,Present
E0087,31/07/24,9.00 AM,18:30,Present
E0088,01/07/24,10:00,18:15,Present
E0088,02/07/24,09:15,18:15,Present
E0088,03/07/24,9.00 AM,18-10,Present
E0088,04/07/24,9:00,18:15,WFH
E0088,05/07/24,09-10,6.00 PM,Present
E0088,08/07/24,09:15,18:30,Present
E0088,09/07/24,,,Leave
E0088,2024/07/10,,,Absent
E0088,11/07/24,09-10,18:00,Present
E0088,12/07/24,9.00 AM,18:30,Present
E0088,15-07-2024,10:00,18:00,Present
E0088,16/07/24,,,Leave
E0088,2024/07/17,10:00,18:00,Present
E0088,2024/07/18,09:15,6.00 PM,Present
E0088,2024/07/19,9:00,18-10,Present
E0088,2024/07/22,09:30,18:30,present
E0088,23/07/24,9:00,18:30,WFH
E0088,2024/07/24,,,Absent
E0088,2024/07/25,,,Absent
E0088,2024/07/26,,,Absent
E0088,2024/07/29,,,Leave
E0088,30/07/24,09:30,18:30,Present
E0088,31-07-2024,,,Leave
E0089,2024/07/01,09:15,18:15,WFH
E0089,2024/07/02,09:15,18:30,Present
E0089,03-07-2024,,,Leave
E0089 ,2024/07/04,,,Leave
E0089,05-07-2024,,,Absent
E0089,2024/07/08,09-10,18:15,Present
E0089,09/07/24,9.00 AM,18:15,Present
E0089,10-07-2024,9:00,6.00 PM,Present
E0089 ,11/07/24,09:15,18-10,Present
E0089,12/07/24,09:30,18:30,Present
E0089,2024/07/15,10:00,18:30,Present
E0089,2024/07/16,,,Leave
E0089,2024/07/17,09:30,6.00 PM,Present
E0089,2024/07/18,09:15,18:15,Present
E0089,19-07-2024,09-10,18:00,Present
E0089,22-07-2024,,,Absent
E0089,2024/07/23,09-10,18-10,Present
E0089,24/07/24,10:00,18:00,Present
E0089,25/07/24,,,Absent
E0089,26-07-2024,09-10,18:30,Present
E0089,29/07/24,9:00,18-10,Present
E0089,2024/07/30,,,Leave
E0089,31-07-2024,,,Leave
E0090,2024/07/01,,,Absent
E0090,2024/07/02,9.00 AM,18:15,Present
E0090,03-07-2024,09-10,18-10,Present
E0090,04-07-2024,09-10,18:00,Present
E0090,2024/07/05,09:30,18:15,Present
E0090,2024/07/08,09-10,18:15,Present
E0090,09/07/24,9.00 AM,18-10,WFH
E0090,2024/07/10,,,Absent
E0090,11-07-2024,9:00,18:00,Present
E0090,12/07/24,,,Leave
E0090,2024/07/15,10:00,19:00,Present
E0090,16-07-2024,,,Leave
E0090,17-07-2024,9:00,18:00,Present
E0090,18/07/24,9:00,18:30,Present
E0090,19/07/24,,,Leave
E0090,22/07/24,,,Leave
E0090,23/07/24,9:00,18:00,Present
E0090,2024/07/24,,,Absent
E0090,25-07-2024,10:00,18:15,Present
E0090,26/07/24,,,Leave
E0090,2024/07/29,,,Absent
E0090,2024/07/30,09-10,18:30,WFH
E0090,2024/07/31,9.00 AM,18-10,Present
E0091 ,01/07/24,9:00,18:00,Present
E0091,02-07-2024,,,Leave
E0091,03-07-2024,09:30,18:00,WFH
E0091,04/07/24,9:00,6.00 PM,WFH
E0091,2024/07/05,10:00,18-10,Present
E0091,2024/07/08,09:15,6.00 PM,WFH
E0091,09-07-2024,09:30,18:15,WFH
E0091,2024/07/10,10:00,18:00,WFH
E0091,2024/07/11,9:00,18:00,Present
E0091,2024/07/12,,,Absent
E0091,15-07-2024,,,Leave
E0091,2024/07/16,9.00 AM,6.00 PM,Present
E0091,2024/07/17,9:00,18:00,Present
E0091,18/07/24,,,Leave
E0091,19-07-2024,9.00 AM,18:00,WFH
E0091,2024/07/22,09:30,18:15,Present
E0091,23-07-2024,09-10,18:00,Present
E0091,24/07/24,09:30,19:00,Present
E0091,2024/07/25,09-10,6.00 PM,Present
E0091,26/07/24,9:00,6.00 PM,present
E0091,29-07-2024,,,Leave
E0091,2024/07/30,9:00,18:15,Present
E0091,31-07-2024,09:30,6.00 PM,Present
E0092,01-07-2024,09:30,18-10,Present
E0092,02/07/24,09:15,6.00 PM,Present
E0092,2024/07/03,9.00 AM,19:00,Present
E0092,04-07-2024,9:00,6.00 PM,WFH
E0092,2024/07/05,09:15,18-10,Present
E0092,08/07/24,10:00,19:00,Present
E0092,09/07/24,9.00 AM,18-10,Present
E0092,10/07/24,09-10,18:15,Present
E0092,11/07/24,10:00,18:15,WFH
E0092,2024/07/12,9:00,18:15,WFH
E0092,15/07/24,10:00,18-10,WFH
E0092,2024/07/16,9.00 AM,18:15,WFH
E0092,17/07/24,9:00,6.00 PM,Present
E0092,18/07/24,,,Leave
E0092,2024/07/19,09-10,18:30,Present
E0092,22/07/24,9.00 AM,6.00 PM,Present
E0092,23-07-2024,9:00,6.00 PM,Present
E0092,2024/07/24,9:00,18:30,WFH
E0092,2024/07/25,,,Absent
E0092,26/07/24,09-10,18-10,WFH
E0092,2024/07/29,9:00,18:30,Present
E0092,2024/07/30,10:00,6.00 PM,WFH
E0092,31-07-2024,09-10,18:15,Present
E0093,01/07/24,9:00,18:00,Present
E0093,2024/07/02,09:15,18-10,Present
E0093,2024/07/03,9:00,19:00,WFH
E0093,04/07/24,10:00,18:00,WFH
E0093,2024/07/05,09:30,18:15,Present
E0093,2024/07/08,09-10,18-10,WFH
E0093,2024/07/09,09-10,6.00 PM,WFH
E0093,10/07/24,,,Absent
E0093,2024/07/11,9:00,18:30,Present
E0093,12-07-2024,9.00 AM,19:00,Present
E0093,15/07/24,,,Absent
E0093,2024/07/16,09-10,18:15,Present
E0093,2024/07/17,09:30,18:15,Present
E0093,18/07/24,,,Absent
E0093,19-07-2024,09:15,18:15,Present
E0093,22/07/24,09:15,18:00,Present
E0093,23/07/24,,,Leave
E0093,24/07/24,,,Absent
E0093,2024/07/25,9.00 AM,6.00 PM,Present
E0093,26/07/24,9:00,18:15,Present
E0093,29/07/24,09:15,18-10,present
E0093,2024/07/30,09-10,18:00,Present
E0093,31/07/24,,,Absent
E0094,2024/07/01,,,Absent
E0094,2024/07/02,09:15,6.00 PM,Present
E0094,2024/07/03,,,Leave
E0094,04/07/24,9.00 AM,18-10,Present
E0094,2024/07/05,9:00,18:30,Present
E0094,2024/07/08,10:00,18:30,Present
E0094,09/07/24,09:15,18:30,Present
E0094,10/07/24,,,Absent
E0094,2024/07/11,9.00 AM,18:00,Present
E0094,2024/07/12,,,Absent
E0094,15/07/24,9.00 AM,6.00 PM,WFH
E0094,16-07-2024,09:15,19:00,Present
E0094 ,17-07-2024,9:00,18:00,Present
E0094,18-07-2024,10:00,18:00,WFH
E0094,2024/07/19,,,Absent
E0094,2024/07/22,10:00,18-10,Present
E0094,23/07/24,10:00,18-10,Present
E0094,24/07/24,,,Absent
E0094,25-07-2024,9:00,18:30,Present
E0094,26/07/24,09-10,19:00,Present
E0094,29/07/24,,,Leave
E0094,30-07-2024,,,Absent
E0094,31/07/24,,,Absent
E0095,01-07-2024,,,Absent
E0095,02/07/24,10:00,19:00,WFH
E0095,03/07/24,,,Leave
E0095,04-07-2024,09:15,6.00 PM,WFH
E0095,2024/07/05,9:00,18:30,WFH
E0095,08-07-2024,09:30,18:30,WFH
E0095,09-07-2024,9.00 AM,18:30,WFH
E0095,10/07/24,9:00,19:00,Present
E0095,2024/07/11,9:00,18-10,Present
E0095,2024/07/12,,,Absent
E0095,2024/07/15,9:00,18:30,Present
E0095,2024/07/16,09:30,18:15,Present
E0095,17-07-2024,10:00,18:00,Present
E0095,18/07/24,10:00,18-10,WFH
E0095,19/07/24,09:30,18:30,Present
E0095,22/07/24,09:30,19:00,Present
E0095,23/07/24,,,Leave
E0095,24-07-2024,09-10,18:00,WFH
E0095,2024/07/25,09:30,18:00,WFH
E0095,26/07/24,9:00,19:00,Present
E0095,29-07-2024,10:00,18:30,Present
E0095,30-07-2024,,,Absent
E0095,2024/07/31,,,Absent
E0096,01-07-2024,9:00,18:30,WFH
E0096,02-07-2024,9:00,18:15,Present
E0096,03/07/24,10:00,6.00 PM,Present
E0096,2024/07/04,9.00 AM,19:00,Present
E0096,2024/07/05,10:00,19:00,Present
E0096,08-07-2024,,,Leave
E0096,09-07-2024,10:00,19:00,Present
E0096,2024/07/10,10:00,19:00,WFH
E0096,2024/07/11,,,Absent
E0096,12-07-2024,09-10,18-10,Present
E0096,2024/07/15,09:15,18-10,Present
E0096,16-07-2024,9:00,19:00,Present
E0096,2024/07/17,10:00,19:00,WFH
E0096,18-07-2024,,,Leave
E0096,2024/07/19,,,Absent
E0096,2024/07/22,,,Absent
E0096,23-07-2024,9:00,6.00 PM,Present
E0096,24/07/24,9:00,18:15,Present
E0096,25/07/24,09-10,18-10,WFH
E0096,2024/07/26,9.00 AM,19:00,Present
E0096,29/07/24,9.00 AM,18:00,Present
E0096,2024/07/30,,,Leave
E0096,31/07/24,10:00,18:30,WFH
E0097,01/07/24,,,Leave
E0097,2024/07/02,09:30,6.00 PM,Present
E0097,03/07/24,09-10,6.00 PM,Present
E0097,04/07/24,,,Leave
E0097,05/07/24,10:00,18-10,Present
E0097,08/07/24,09-10,18-10,Present
E0097,09-07-2024,,,Absent
E0097,10-07-2024,10:00,18:00,Present
E0097,2024/07/11,,,Absent
E0097,12/07/24,9:00,18:15,Present
E0097,15/07/24,09:30,6.00 PM,Present
E0097,2024/07/16,,,Leave
E0097,17-07-2024,,,Leave
E0097,18/07/24,9:00,18:15,Present
E0097,19/07/24,9:00,18-10,WFH
E0097,2024/07/22,9:00,18:15,Present
E0097,23-07-2024,,,Leave
E0097,24/07/24,09-10,18:30,Present
E0097,25-07-2024,9.00 AM,18:15,Present
E0097,2024/07/26,09:30,19:00,Present
E0097,29/07/24,10:00,18:15,Present
E0097,2024/07/30,9:00,6.00 PM,Present
E0097,31-07-2024,09-10,19:00,present
E0098,01/07/24,09:30,6.00 PM,WFH
E0098,02-07-2024,,,Absent
E0098,03-07-2024,,,present
E0098,04-07-2024,10:00,18:00,Present
E0098,05/07/24,9:00,18:15,Present
E0098,08-07-2024,,,Absent
E0098,2024/07/09,9:00,18-10,Present
E0098,10/07/24,,,Absent
E0098,11/07/24,10:00,19:00,Present
E0098,12-07-2024,9.00 AM,19:00,Present
E0098,15-07-2024,9:00,19:00,Present
E0098,16-07-2024,,,Absent
E0098 ,17/07/24,9.00 AM,18:15,WFH
E0098,2024/07/18,09:15,18-10,Present
E0098,19/07/24,09:30,18:15,WFH
E0098,22/07/24,09-10,6.00 PM,WFH
E0098,23-07-2024,9.00 AM,6.00 PM,Present
E0098,24/07/24,09:30,6.00 PM,Present
E0098,2024/07/25,09:15,18-10,Present
E0098,2024/07/26,9.00 AM,18:15,Present
E0098,2024/07/29,9:00,18-10,Present
E0098,30-07-2024,9:00,18:15,Present
E0098,31/07/24,,,Absent
E0099,2024/07/01,,,Leave
E0099,2024/07/02,09:15,18:30,Present
E0099,03/07/24,,,Leave
E0099,04/07/24,9:00,6.00 PM,Present
E0099,05/07/24,09-10,6.00 PM,WFH
E0099,2024/07/08,,,Leave
E0099,09-07-2024,,,Absent
E0099,2024/07/10,9:00,19:00,Present
E0099,11-07-2024,,,Absent
E0099,12-07-2024,10:00,18:15,Present
E0099,2024/07/15,,,Leave
E0099,16/07/24,09:30,18:00,Present
E0099,17-07-2024,09-10,18:15,Present
E0099,2024/07/18,09:30,18:15,Present
E0099,19-07-2024,9:00,18:00,WFH
E0099,22/07/24,,,Absent
E0099,23/07/24,09:15,18-10,Present
E0099,2024/07/24,9.00 AM,6.00 PM,Present
E0099,25-07-2024,,,Absent
E0099,26/07/24,09:30,18:00,Present
E0099,29-07-2024,10:00,18:00,Present
E0099,30/07/24,10:00,6.00 PM,Present
E0099,31-07-2024,09:30,6.00 PM,Present
E0100,01/07/24,,,Absent
E0100,02-07-2024,,,Absent
E0100,2024/07/03,,,Absent
E0100,2024/07/04,09:15,18:15,WFH
E0100,2024/07/05,9:00,6.00 PM,Present
E0100,08/07/24,9.00 AM,18:00,Present
E0100,2024/07/09,09:30,6.00 PM,Present
E0100,10/07/24,10:00,18:15,Present
E0100,11/07/24,,,Absent
E0100,12/07/24,09:30,18:15,Present
E0100,15/07/24,,,Absent
E0100,16-07-2024,10:00,19:00,Present
E0100,2024/07/17,09-10,18:00,WFH
E0100,18-07-2024,9:00,18:15,Present
E0100,19/07/24,09:30,18-10,Present
E0100,22/07/24,,,Leave
E0100,23/07/24,,,Absent
E0100,2024/07/24,09:15,18:00,Present
E0100,25-07-2024,10:00,18:15,Present
E0100,2024/07/26,09-10,18-10,Present
E0100,29-07-2024,,,Absent
E0100,2024/07/30,,,Leave
E0100,31-07-2024,9:00,18-10,Present
E0101,01/07/24,10:00,18:30,Present
E0101,2024/07/02,,,Leave
E0101,03-07-2024,09-10,18:30,Present
E0101,04/07/24,09-10,6.00 PM,Present
E0101,05-07-2024,9.00 AM,18:15,Present
E0101,2024/07/08,09-10,18:00,Present
E0101,09-07-2024,09-10,18:15,Present
E0101,10/07/24,10:00,18:00,Present
E0101,11-07-2024,,,Leave
E0101,12-07-2024,09:15,18:15,WFH
E0101,15/07/24,9.00 AM,18:15,WFH
E0101,16/07/24,,,Absent
E0101,17/07/24,,,Absent
E0101,18-07-2024,,,Leave
E0101,2024/07/19,,,Absent
E0101,2024/07/22,09:15,18:15,WFH
E0101,23-07-2024,,,Leave
E0101,24-07-2024,,,Leave
E0101,2024/07/25,,,Leave
E0101,26/07/24,10:00,19:00,Present
E0101,29-07-2024,09:30,18:15,Present
E0101,30-07-2024,,,Absent
E0101,31-07-2024,,,Leave
E0102,01/07/24,9:00,19:00,present
E0102,02/07/24,9.00 AM,6.00 PM,Present
E0102,2024/07/03,,,Leave
E0102,2024/07/04,10:00,18:15,Present
E0102,05/07/24,,,Absent
E0102,2024/07/08,10:00,19:00,Present
E0102,2024/07/09,9:00,18:00,Present
E0102,10/07/24,9:00,18-10,Present
E0102,11-07-2024,09:30,19:00,Present
E0102,2024/07/12,09-10,19:00,Present
E0102,15/07/24,,,Absent
E0102,16/07/24,9.00 AM,18:30,Present
E0102,17-07-2024,9.00 AM,18:00,Present
E0102,2024/07/18,10:00,18:15,WFH
E0102,19-07-2024,,,Absent
E0102,22/07/24,10:00,18:30,WFH
E0102 ,23-07-2024,09:15,19:00,Present
E0102,2024/07/24,9.00 AM,18:15,Present
E0102,25/07/24,,,Leave
E0102 ,2024/07/26,,,Leave
E0102,2024/07/29,,,Absent
E0102,30/07/24,9.00 AM,6.00 PM,Present
E0102,31/07/24,09-10,6.00 PM,WFH
E0103,01/07/24,,,Leave
E0103,02-07-2024,10:00,18:15,WFH
E0103,03/07/24,09-10,6.00 PM,Present
E0103,04/07/24,09-10,18:30,WFH
E0103,05-07-2024,,,Absent
E0103,08/07/24,10:00,18:30,Present
E0103,2024/07/09,9:00,18:15,WFH
E0103,10-07-2024,9:00,19:00,Present
E0103,11-07-2024,10:00,19:00,WFH
E0103,12/07/24,09:15,18-10,Present
E0103,15/07/24,09:15,18-10,Present
E0103,16-07-2024,09-10,18-10,Present
E0103,17/07/24,09:30,18:15,Present
E0103,18-07-2024,,,Absent
E0103,19-07-2024,09:15,18:30,WFH
E0103,22-07-2024,,,Absent
E0103,2024/07/23,09:30,18:30,Present
E0103,24/07/24,9.00 AM,18:00,Present
E0103,25/07/24,,,Absent
E0103,2024/07/26,,,Leave
E0103,29-07-2024,09-10,18:15,Present
E0103,30-07-2024,09:30,6.00 PM,WFH
E0103,2024/07/31,,,Absent
E0104,2024/07/01,09:30,18:30,Present
E0104,02/07/24,9.00 AM,19:00,WFH
E0104,2024/07/03,09:30,18:00,Present
E0104,04-07-2024,09-10,18:30,Present
E0104,05/07/24,,,Leave
E0104,08-07-2024,,,Absent
E0104,09/07/24,,,Absent
E0104,2024/07/10,09-10,18:15,WFH
E0104,11-07-2024,09-10,18-10,Present
E0104,12/07/24,9.00 AM,6.00 PM,WFH
E0104,2024/07/15,09:30,18-10,Present
E0104,16/07/24,,,Absent
E0104,17/07/24,,,Leave
E0104,18/07/24,,,Leave
E0104,19-07-2024,9.00 AM,6.00 PM,Present
E0104,2024/07/22,09:30,19:00,WFH
E0104,2024/07/23,9.00 AM,6.00 PM,WFH
E0104,24/07/24,,,Leave
E0104,25-07-2024,,,Absent
E0104,2024/07/26,09-10,18:00,Present
E0104,29/07/24,09:30,18:30,Present
E0104,2024/07/30,9:00,6.00 PM,WFH
E0104,31-07-2024,09:15,6.00 PM,Present
E0105,2024/07/01,09-10,18:00,WFH
E0105,2024/07/02,,,Absent
E0105,03/07/24,,,Absent
E0105,04/07/24,,,Absent
E0105,2024/07/05,09-10,19:00,Present
E0105,08-07-2024,09:15,18:15,Present
E0105,09-07-2024,09:15,18:15,Present
E0105,2024/07/10,,,Leave
E0105,11/07/24,10:00,18:30,WFH
E0105,2024/07/12,,,Leave
E0105,2024/07/15,,,Leave
E0105,2024/07/16,10:00,19:00,present
E0105,2024/07/17,09:15,19:00,Present
E0105,2024/07/18,,,Absent
E0105,19-07-2024,,,Leave
E0105,22/07/24,09:15,18:30,Present
E0105,2024/07/23,09-10,18-10,WFH
E0105,2024/07/24,9:00,18-10,Present
E0105,2024/07/25,10:00,18:30,WFH
E0105,2024/07/26,9:00,6.00 PM,WFH
E0105,2024/07/29,9.00 AM,6.00 PM,Present
E0105,30-07-2024,,,Absent
E0105,31/07/24,9.00 AM,18-10,Present
E0106,01-07-2024,,,Absent
E0106,02-07-2024,09-10,18:15,WFH
E0106,03-07-2024,9:00,18:30,WFH
E0106,04-07-2024,10:00,18:00,WFH
E0106,2024/07/05,,,Leave
E0106,08/07/24,10:00,19:00,Present
E0106,09-07-2024,,,present
E0106,2024/07/10,,,Absent
E0106,2024/07/11,09:30,18:00,WFH
E0106,12-07-2024,09-10,18:00,Present
E0106,15/07/24,,,Leave
E0106 ,16/07/24,,,Leave
E0106,2024/07/17,09:30,18:00,Present
E0106,2024/07/18,9:00,18:15,Present
E0106 ,2024/07/19,09:30,18-10,WFH
E0106,22-07-2024,,,Leave
E0106,23-07-2024,09:15,18:30,WFH
E0106,2024/07/24,,,Absent
E0106,25-07-2024,9:00,18-10,Present
E0106,26-07-2024,09:15,19:00,Present
E0106,2024/07/29,09:15,18:30,WFH
E0106,30-07-2024,,,Absent
E0106,31/07/24,,,Absent
E0107,2024/07/01,,,present
E0107,02/07/24,9:00,6.00 PM,WFH
E0107,2024/07/03,09:15,18:15,Present
E0107,04/07/24,,,Leave
E0107,05/07/24,9.00 AM,18-10,Present
E0107,08/07/24,,,Absent
E0107,09-07-2024,9.00 AM,18-10,present
E0107,10-07-2024,,,Absent
E0107,11/07/24,09:15,6.00 PM,WFH
E0107,12/07/24,,,Absent
E0107,15-07-2024,09-10,19:00,Present
E0107,2024/07/16,09:15,18:00,Present
E0107,2024/07/17,09:30,18:15,Present
E0107,18/07/24,,,Leave
E0107,19-07-2024,09:30,18:30,Present
E0107,2024/07/22,,,Leave
E0107,23/07/24,10:00,19:00,Present
E0107,24-07-2024,09:15,18:30,Present
E0107,25/07/24,10:00,19:00,WFH
E0107,26-07-2024,9:00,18:00,WFH
E0107,29-07-2024,,,Absent
E0107,30-07-2024,09-10,18:30,Present
E0107,2024/07/31,9.00 AM,19:00,WFH
E0108,01-07-2024,,,Leave
E0108,02-07-2024,09-10,18:30,Present
E0108,03/07/24,09:30,6.00 PM,Present
E0108,04-07-2024,9.00 AM,18:15,Present
E0108,2024/07/05,,,Leave
E0108,08-07-2024,,,Absent
E0108,09/07/24,,,Absent
E0108,10/07/24,9:00,18:30,Present
E0108,2024/07/11,,,Absent
E0108,12/07/24,,,Leave
E0108,15/07/24,,,Leave
E0108,16/07/24,10:00,18:15,Present
E0108,17/07/24,,,Leave
E0108,18-07-2024,9:00,6.00 PM,Present
E0108,19-07-2024,9:00,6.00 PM,Present
E0108,22/07/24,09:15,18-10,WFH
E0108,23/07/24,9:00,19:00,Present
E0108,2024/07/24,09:30,19:00,Present
E0108,2024/07/25,,,Absent
E0108,2024/07/26,9.00 AM,18:30,Present
E0108,2024/07/29,09:30,19:00,Present
E0108,30-07-2024,,,Leave
E0108,31/07/24,9.00 AM,18:30,Present
E0109,01/07/24,,,Leave
E0109,2024/07/02,9.00 AM,18:30,WFH
E0109,03/07/24,9:00,18:00,WFH
E0109,04-07-2024,09:30,18-10,WFH
E0109,05-07-2024,09-10,19:00,Present
E0109,08-07-2024,9:00,19:00,Present
E0109,2024/07/09,,,Leave
E0109,10-07-2024,9:00,18:15,Present
E0109,11/07/24,,,Leave
E0109,12/07/24,09-10,19:00,Present
E0109,15-07-2024,10:00,19:00,Present
E0109,2024/07/16,09-10,19:00,Present
E0109,2024/07/17,9:00,18:30,WFH
E0109,2024/07/18,9.00 AM,6.00 PM,present
E0109,19-07-2024,,,Absent
E0109,22-07-2024,09:30,18-10,Present
E0109,23/07/24,,,Leave
E0109,24/07/24,09-10,18:00,Present
E0109,25-07-2024,9.00 AM,18:15,Present
E0109,26-07-2024,10:00,6.00 PM,Present
E0109 ,2024/07/29,09:15,18-10,Present
E0109,30-07-2024,09-10,18:15,WFH
E0109,31/07/24,9:00,18-10,Present
E0110,2024/07/01,9:00,6.00 PM,Present
E0110,02-07-2024,09:30,18:00,WFH
E0110,2024/07/03,,,Leave
E0110,04/07/24,09:15,19:00,Present
E0110,05/07/24,09:30,6.00 PM,WFH
E0110,08/07/24,09-10,19:00,Present
E0110,09-07-2024,9.00 AM,19:00,Present
E0110,10/07/24,09:30,19:00,WFH
E0110,11/07/24,09:15,18:00,Present
E0110,12-07-2024,10:00,18:30,Present
E0110,15/07/24,09:30,18:30,Present
E0110,16/07/24,09:30,19:00,Present
E0110,17-07-2024,09:30,18:00,Present
E0110,18/07/24,09-10,18:00,Present
E0110,19-07-2024,10:00,18:00,Present
E0110,2024/07/22,9.00 AM,18:15,WFH
E0110,23-07-2024,9:00,19:00,Present
E0110,2024/07/24,09-10,18:00,Present
E0110,25-07-2024,,,Leave
E0110,26-07-2024,10:00,18-10,WFH
E0110,2024/07/29,9.00 AM,19:00,Present
E0110,30/07/24,9.00 AM,19:00,Present
E0110,31-07-2024,09:15,18:30,Present
E0111,01/07/24,10:00,18:30,Present
E0111,02/07/24,9.00 AM,18:00,Present
E0111,03/07/24,10:00,18:00,Present
E0111,04/07/24,,,Leave
E0111,05/07/24,10:00,6.00 PM,WFH
E0111,08-07-2024,,,Leave
E0111 ,09-07-2024,,,Absent
E0111,10/07/24,09-10,18:15,Present
E0111,2024/07/11,9.00 AM,19:00,Present
E0111,12/07/24,09:15,18:00,Present
E0111,15-07-2024,09-10,18:00,WFH
E0111,16/07/24,09:15,6.00 PM,Present
E0111,17/07/24,10:00,19:00,Present
E0111,2024/07/18,,,Leave
E0111,19-07-2024,09-10,18-10,Present
E0111,2024/07/22,,,Leave
E0111,23/07/24,09-10,6.00 PM,Present
E0111,2024/07/24,,,Absent
E0111,2024/07/25,,,Leave
E0111,26/07/24,09-10,6.00 PM,Present
E0111,29-07-2024,9.00 AM,18:00,WFH
E0111,30-07-2024,09:30,18:15,Present
E0111,31-07-2024,,,Leave
E0112,01/07/24,09-10,18-10,Present
E0112,02/07/24,09-10,18:15,Present
E0112,2024/07/03,10:00,18:00,Present
E0112,04/07/24,9:00,6.00 PM,Present
E0112,05-07-2024,,,Absent
E0112,08-07-2024,10:00,18-10,Present
E0112,09-07-2024,10:00,18:30,WFH
E0112,10-07-2024,09:15,18:15,Present
E0112,11-07-2024,,,Leave
E0112,12-07-2024,,,Leave
E0112,2024/07/15,,,Leave
E0112,16/07/24,09:30,19:00,Present
E0112,17/07/24,,,Absent
E0112,18-07-2024,09-10,18-10,Present
E0112,19-07-2024,,,Leave
E0112,22-07-2024,09:15,18:30,Present
E0112,2024/07/23,10:00,18:15,WFH
E0112,24-07-2024,,,Absent
E0112,25-07-2024,10:00,18:30,WFH
E0112,26-07-2024,,,Leave
E0112,2024/07/29,10:00,18:30,Present
E0112,30-07-2024,10:00,18:15,WFH
E0112,31-07-2024,9:00,18:15,Present
E0113,2024/07/01,09:15,18:30,Present
E0113,02-07-2024,09-10,18:00,Present
E0113,2024/07/03,,,Absent
E0113,04/07/24,9.00 AM,18-10,WFH
E0113 ,2024/07/05,9.00 AM,18:00,WFH
E0113,08/07/24,09:15,18:15,WFH
E0113,2024/07/09,10:00,18:30,Present
E0113 ,2024/07/10,9:00,18:15,Present
E0113,2024/07/11,,,present
E0113,2024/07/12,10:00,18:15,Present
E0113,2024/07/15,,,Absent
E0113,16-07-2024,9:00,18:15,Present
E0113,2024/07/17,9:00,6.00 PM,WFH
E0113,2024/07/18,10:00,18-10,WFH
E0113,19-07-2024,10:00,19:00,Present
E0113,22/07/24,09:30,19:00,Present
E0113,23-07-2024,9.00 AM,6.00 PM,WFH
E0113,2024/07/24,09:30,18:15,Present
E0113,2024/07/25,9.00 AM,18-10,Present
E0113,26-07-2024,09-10,18:15,Present
E0113,29-07-2024,09:30,6.00 PM,WFH
E0113,30/07/24,,,Leave
E0113,31/07/24,,,Leave
E0114,01-07-2024,,,Absent
E0114,02-07-2024,09:15,18:30,Present
E0114,03-07-2024,09:15,6.00 PM,Present
E0114,04/07/24,09-10,18-10,Present
E0114,05/07/24,,,Absent
E0114,08-07-2024,09-10,18:30,Present
E0114,2024/07/09,,,Leave
E0114,10/07/24,09:15,18:30,Present
E0114,11-07-2024,09-10,18-10,Present
E0114,12-07-2024,09:30,6.00 PM,Present
E0114,2024/07/15,9.00 AM,18:15,Present
E0114,16-07-2024,09:30,18:00,WFH
E0114,2024/07/17,9.00 AM,18:00,present
E0114,2024/07/18,,,Leave
E0114,19/07/24,09:30,6.00 PM,WFH
E0114,22/07/24,09-10,6.00 PM,Present
E0114,23-07-2024,,,Absent
E0114,2024/07/24,09:15,19:00,WFH
E0114,25/07/24,09-10,18:00,Present
E0114,2024/07/26,9.00 AM,18:15,Present
E0114,29-07-2024,,,Leave
E0114,30-07-2024,9.00 AM,18:30,Present
E0114,31/07/24,09:30,19:00,Present
E0115,01-07-2024,09:30,18:15,Present
E0115 ,2024/07/02,09-10,19:00,Present
E0115,2024/07/03,09:30,6.00 PM,Present
E0115,2024/07/04,09:15,18:15,Present
E0115,05-07-2024,09:15,18:30,Present
E0115,08/07/24,,,Absent
E0115,09/07/24,,,Leave
E0115,10-07-2024,09-10,6.00 PM,Present
E0115,2024/07/11,,,Absent
E0115,2024/07/12,,,Leave
E0115,15/07/24,,,Absent
E0115,2024/07/16,10:00,6.00 PM,Present
E0115,17-07-2024,09:15,18:15,Present
E0115,2024/07/18,,,Absent
E0115,19-07-2024,10:00,18:15,Present
E0115,22/07/24,9.00 AM,18-10,Present
E0115,23-07-2024,,,Leave
E0115,2024/07/24,09:30,18:15,Present
E0115,2024/07/25,9:00,19:00,WFH
E0115,2024/07/26,9.00 AM,18:30,Present
E0115,2024/07/29,,,Absent
E0115,30-07-2024,,,Absent
E0115,31/07/24,09:30,19:00,Present
E0116,01-07-2024,9:00,6.00 PM,Present
E0116,02/07/24,9.00 AM,18:30,Present
E0116,03/07/24,09:15,6.00 PM,Present
E0116,04/07/24,10:00,18:00,Present
E0116,2024/07/05,9:00,6.00 PM,Present
E0116,2024/07/08,09:30,18:15,WFH
E0116,09/07/24,9:00,18:00,present
E0116,2024/07/10,,,Leave
E0116,2024/07/11,9.00 AM,18:30,Present
E0116,2024/07/12,09-10,19:00,Present
E0116,15-07-2024,09:30,19:00,Present
E0116,2024/07/16,9:00,19:00,Present
E0116,17/07/24,09-10,18:30,Present
E0116,18/07/24,,,Leave
E0116,19-07-2024,,,Absent
E0116,22-07-2024,09-10,18:15,Present
E0116,23/07/24,,,Leave
E0116,24-07-2024,9:00,18:15,Present
E0116,25/07/24,,,Leave
E0116,26-07-2024,,,Leave
E0116,2024/07/29,10:00,6.00 PM,Present
E0116,30/07/24,09-10,18:15,WFH
E0116,2024/07/31,09-10,18-10,WFH
E0117,01/07/24,9.00 AM,18:15,Present
E0117,02/07/24,9.00 AM,19:00,Present
E0117,2024/07/03,,,Leave
E0117,2024/07/04,,,Absent
E0117,05/07/24,,,Leave
E0117,08-07-2024,09:15,18-10,Present
E0117,2024/07/09,,,Leave
E0117,10-07-2024,,,Leave
E0117,11-07-2024,9.00 AM,18:30,Present
E0117,2024/07/12,09:15,18:00,WFH
E0117,15/07/24,9:00,18-10,Present
E0117,2024/07/16,09-10,19:00,Present
E0117,2024/07/17,,,Absent
E0117,18-07-2024,,,Leave
E0117,2024/07/19,,,Absent
E0117,2024/07/22,9.00 AM,18-10,Present
E0117,23/07/24,09-10,6.00 PM,Present
E0117,24-07-2024,9:00,18:15,Present
E0117,25-07-2024,9.00 AM,18:30,Present
E0117,2024/07/26,09-10,6.00 PM,Present
E0117,29/07/24,,,Leave
E0117,30-07-2024,09-10,19:00,Present
E0117,31-07-2024,09:30,6.00 PM,WFH
E0118,01/07/24,,,Absent
E0118,02-07-2024,9.00 AM,6.00 PM,Present
E0118,2024/07/03,,,Leave
E0118,04/07/24,09:30,18:30,WFH
E0118,05/07/24,09:30,18-10,Present
E0118,2024/07/08,,,Absent
E0118,2024/07/09,09:30,18-10,WFH
E0118,10-07-2024,,,Leave
E0118,2024/07/11,,,Leave
E0118,12/07/24,09-10,18:00,Present
E0118,2024/07/15,09-10,18:15,Present
E0118,2024/07/16,09:15,18:30,WFH
E0118,2024/07/17,09:30,6.00 PM,Present
E0118,18/07/24,09-10,18:30,Present
E0118,2024/07/19,,,Absent
E0118,22-07-2024,09-10,19:00,WFH
E0118,2024/07/23,09-10,19:00,Present
E0118,24-07-2024,10:00,18:15,Present
E0118,2024/07/25,,,Absent
E0118,26-07-2024,9.00 AM,18:30,Present
E0118,29-07-2024,9.00 AM,18-10,WFH
E0118,30-07-2024,,,Absent
E0118,2024/07/31,,,Leave
E0119,2024/07/01,,,Leave
E0119,02/07/24,9.00 AM,19:00,Present
E0119,03/07/24,09:30,18:15,Present
E0119,2024/07/04,,,Leave
E0119,2024/07/05,,,Absent
E0119,08-07-2024,10:00,18:30,Present
E0119,2024/07/09,,,Absent
E0119,10-07-2024,9:00,18-10,Present
E0119,11-07-2024,09-10,18:30,Present
E0119,12/07/24,,,Absent
E0119,2024/07/15,9:00,18-10,WFH
E0119,16-07-2024,09-10,18-10,Present
E0119,2024/07/17,9:00,19:00,Present
E0119,18-07-2024,09:30,18-10,Present
E0119,2024/07/19,09:30,6.00 PM,WFH
E0119,22/07/24,09:30,18:00,Present
E0119,2024/07/23,,,Leave
E0119,24/07/24,9:00,19:00,Present
E0119,25-07-2024,09:15,6.00 PM,Present
E0119,2024/07/26,9.00 AM,6.00 PM,Present
E0119,2024/07/29,9:00,6.00 PM,WFH
E0119,2024/07/30,,,Absent
E0119,31-07-2024,09:30,18:15,Present
E0120,01/07/24,9.00 AM,18-10,WFH
E0120,2024/07/02,09:30,18:15,WFH
E0120,03-07-2024,,,Leave
E0120,2024/07/04,9.00 AM,18-10,WFH
E0120,05/07/24,09-10,18:15,Present
E0120,2024/07/08,,,Absent
E0120,2024/07/09,09:30,19:00,Present
E0120,2024/07/10,9.00 AM,19:00,Present
E0120,2024/07/11,9.00 AM,6.00 PM,WFH
E0120,12/07/24,09-10,18:15,Present
E0120,15/07/24,,,Absent
E0120,2024/07/16,,,Absent
E0120,17-07-2024,09:15,18:15,Present
E0120,18/07/24,,,Absent
E0120,19-07-2024,09:30,18-10,Present
E0120,2024/07/22,9:00,18:30,WFH
E0120,23/07/24,10:00,18:00,WFH
E0120,2024/07/24,9:00,18:30,Present
E0120,25/07/24,10:00,18:00,WFH
E0120,2024/07/26,,,Leave
E0120 ,29/07/24,9:00,19:00,Present
E0120,30-07-2024,9.00 AM,18:30,Present
E0120,31/07/24,9.00 AM,18:30,Present
